#,Full Name,FullTeamName,Pos.,Ht.,Year,Hometown,userteam,FantasyPts_sum,FantasyPts_mean,rank_pos,rank_global,GP,MIN_mean,PTS_mean,efg%,REB_mean,AST_mean,STL_mean,BLK_mean,3PM_mean,3PA_mean,FTM_mean,TO_mean,FGM_mean,FGA_mean,OREB_sum,OREB_mean,DREB_sum,DREB_mean,MIN_sum,PTS_sum,REB_sum,AST_sum,STL_sum,BLK_sum,TO_sum,FGM_sum,FGA_sum,3PM_sum,3PA_sum,FTM_sum,FTA_sum,FTA_mean,didWin_sum,Previous School,clean_name,ImageURL
3,Ella Brubaker,Seattle U Redhawks,G,6-0,Graduate Student,"University Place, WA",UserTeam3,693.0,28.88,10.0,14.0,24.0,29.67,15.67,0.49,4.5,1.04,1.67,0.46,1.25,4.08,3.83,2.46,5.29,12.08,31.0,1.29,77.0,3.21,712.0,376.0,108.0,25.0,40.0,11.0,59.0,127.0,290.0,30.0,98.0,92.0,110.0,4.58,5.0,The Master's / Pepperdine,ella brubaker,https://goseattleu.com/imgproxy/8wjRPnIdRZZIbDOXp3TME-SUmsnEUYX3bvwlw-7XL-4/rs:fit:1980:0:0/g:ce/q:90/aHR0cHM6Ly9zdG9yYWdlLmdvb2dsZWFwaXMuY29tL2dvc2VhdHRsZXUtY29tLXByb2QvMjAyNS8xMC8wOS9NUEZSb0RjVmpqaFFvcktheXN5YnBnY2cwQmNOSGRjR1RyWGk2MXFVLnBuZw.png
4,Fia Proctor,Seattle U Redhawks,F,6-2,Sophomore,"Bothell, WA",FreeAgent,148.0,6.17,28.0,101.0,24.0,11.21,2.83,0.591,1.04,0.29,0.08,0.17,0.33,0.67,0.67,0.38,0.92,1.83,7.0,0.29,18.0,0.75,269.0,68.0,25.0,7.0,2.0,4.0,9.0,22.0,44.0,8.0,16.0,16.0,17.0,0.71,5.0,Wyoming,fia proctor,https://goseattleu.com/imgproxy/lT84Eiib8dxXLjZTLzwcEEjJ57UGhnWaudg-BO-H7HA/rs:fit:1980:0:0/g:ce/q:90/aHR0cHM6Ly9zdG9yYWdlLmdvb2dsZWFwaXMuY29tL2dvc2VhdHRsZXUtY29tLXByb2QvMjAyNS8xMC8wOS9MNzlmZG5sVG5ROXRNQzVnR3dCUnJkV09lakFQcDVIRGFDYWZKaWxXLnBuZw.png
5,Dylan Mogel,Seattle U Redhawks,G,5-9,Freshman,"Clackamas, OR",FreeAgent,202.0,11.22,56.0,90.0,18.0,23.11,2.61,0.406,2.06,2.28,0.89,0.33,0.06,0.17,0.44,2.11,1.06,2.67,11.0,0.61,26.0,1.44,416.0,47.0,37.0,41.0,16.0,6.0,38.0,19.0,48.0,1.0,3.0,8.0,10.0,0.56,5.0,,dylan mogel,https://goseattleu.com/imgproxy/GjzClbkFb4-W9mtTVxl3VaZ_1ZrH0WCOQzp4uRrZF3I/rs:fit:1980:0:0/g:ce/q:90/aHR0cHM6Ly9zdG9yYWdlLmdvb2dsZWFwaXMuY29tL2dvc2VhdHRsZXUtY29tLXByb2QvMjAyNS8xMC8wOS9TUWt3dnhLbXM5VHFUeGVCY2dCenlwc0ZnMmdkbWdiY3JVQTZzN2xxLnBuZw.png
6,Andjela Bigovic,Seattle U Redhawks,F,6-5,Graduate Student,"Herceg Novi, Montenegro",UserTeam2,277.0,13.85,20.0,75.0,20.0,22.25,6.85,0.392,4.6,1.05,0.55,0.6,0.95,3.6,0.3,1.6,2.8,8.35,23.0,1.15,69.0,3.45,445.0,137.0,92.0,21.0,11.0,12.0,32.0,56.0,167.0,19.0,72.0,6.0,6.0,0.3,5.0,Cochise College / Tarleton State,andjela bigovic,https://goseattleu.com/imgproxy/ds2UsutAxUfSsMMBunNd2IIBY9_GXOiNYonQM8yQQzA/rs:fit:1980:0:0/g:ce/q:90/aHR0cHM6Ly9zdG9yYWdlLmdvb2dsZWFwaXMuY29tL2dvc2VhdHRsZXUtY29tLXByb2QvMjAyNS8xMC8wOS9EbzRuSnI2WWtHcW1uOGx1Y2xaY1RrV004Y0pzN0EySldpczdPbUYxLnBuZw.png
7,Lucija Milkovic,Seattle U Redhawks,C,6-6,Junior,"Sibenik, Croatia",UserTeam6,271.0,13.55,4.0,77.0,20.0,16.25,6.25,0.488,4.05,0.65,0.3,0.55,0.35,0.9,0.2,1.6,2.85,6.2,19.0,0.95,62.0,3.1,325.0,125.0,81.0,13.0,6.0,11.0,32.0,57.0,124.0,7.0,18.0,4.0,10.0,0.5,4.0,Missouri,lucija milkovic,https://goseattleu.com/imgproxy/Y2iEJjG--ZJ35FBiK4Lfio9DERkR5zXEcJ3JCMnnyuc/rs:fit:1980:0:0/g:ce/q:90/aHR0cHM6Ly9zdG9yYWdlLmdvb2dsZWFwaXMuY29tL2dvc2VhdHRsZXUtY29tLXByb2QvMjAyNS8xMC8wOS9tZktnSEdkYmZETFdsa0FyeG8xbnpleDd1MWUzd0dtZjlwclpUUTdiLnBuZw.png
8,Chloe Emanga,Seattle U Redhawks,G,5-9,Freshman,"Marbach Am Neckar, Germany",FreeAgent,230.0,10.0,51.0,83.0,23.0,21.17,5.22,0.354,2.91,0.74,0.74,0.35,0.26,1.43,1.3,1.61,1.83,5.52,26.0,1.13,41.0,1.78,487.0,120.0,67.0,17.0,17.0,8.0,37.0,42.0,127.0,6.0,33.0,30.0,37.0,1.61,5.0,BasCats USC Heidelberg,chloe emanga,https://goseattleu.com/imgproxy/CfoRoMa7CQBDPXJA4SEv1d8OKSy4StWqGvLxTi4JMhE/rs:fit:1980:0:0/g:ce/q:90/aHR0cHM6Ly9zdG9yYWdlLmdvb2dsZWFwaXMuY29tL2dvc2VhdHRsZXUtY29tLXByb2QvMjAyNS8xMC8wOS82UEdENGZvZk16NVFVNFA5c01DWVBOQjhaWFo5T1NPRzc4SVVpa0dvLnBuZw.png
9,Jana Vesic,Seattle U Redhawks,G,5-7,Freshman,"Belgrade, Serbia",FreeAgent,330.0,13.75,42.0,64.0,24.0,27.71,8.0,0.417,1.75,2.79,0.54,0.17,0.75,2.54,1.33,3.0,2.96,8.0,10.0,0.42,32.0,1.33,665.0,192.0,42.0,67.0,13.0,4.0,72.0,71.0,192.0,18.0,61.0,32.0,43.0,1.79,5.0,,jana vesic,https://goseattleu.com/imgproxy/TRnpsePGP3bf6OKdSgsSEGk-j81iVKC0DE6AWhSOSU0/rs:fit:1980:0:0/g:ce/q:90/aHR0cHM6Ly9zdG9yYWdlLmdvb2dsZWFwaXMuY29tL2dvc2VhdHRsZXUtY29tLXByb2QvMjAyNS8xMC8wOS9VR2ZLc3FydXkyV0Z1MkZiTkk0Q0pySkhld3cyM1VEZVhHMWs3ZVMxLnBuZw.png
14,Tamia Stricklin,Seattle U Redhawks,F,6-0,R-Sr.,"Renton, WA",RR,521.0,22.65,11.0,32.0,23.0,28.78,10.61,0.469,5.61,1.65,0.96,0.3,1.17,3.17,1.35,2.13,4.04,9.87,28.0,1.22,101.0,4.39,662.0,244.0,129.0,38.0,22.0,7.0,49.0,93.0,227.0,27.0,73.0,31.0,40.0,1.74,5.0,Fresno State,tamia stricklin,https://goseattleu.com/imgproxy/hqdnYu8VbJjGaIhA0nssmoz8bxDh7cCPZKb3zncEwM4/rs:fit:1980:0:0/g:ce/q:90/aHR0cHM6Ly9zdG9yYWdlLmdvb2dsZWFwaXMuY29tL2dvc2VhdHRsZXUtY29tLXByb2QvMjAyNS8xMC8wOS9qT3o1QmpZSnVodGU0TnVub0dXUDAwQ3dFellYalM3UEZWbnpsSmR5LnBuZw.png
21,Aaliyah Ibarra,Seattle U Redhawks,G,5-8,Senior,"Las Vegas, NV",FreeAgent,33.0,4.12,82.5,136.5,8.0,13.5,2.38,0.348,1.0,0.12,0.88,0.12,0.25,1.75,0.38,0.75,0.88,2.88,0.0,0.0,8.0,1.0,108.0,19.0,8.0,1.0,7.0,1.0,6.0,7.0,23.0,2.0,14.0,3.0,5.0,0.62,3.0,Utah Tech,aaliyah ibarra,https://goseattleu.com/imgproxy/_TvXo-Wd26emOYoDBaIWFf6n66GR8yidVSZMwYhfao4/rs:fit:1980:0:0/g:ce/q:90/aHR0cHM6Ly9zdG9yYWdlLmdvb2dsZWFwaXMuY29tL2dvc2VhdHRsZXUtY29tLXByb2QvMjAyNS8xMC8wOS91UE5TTnZHY2JrQ1J6WWlkTXVwZE9Ta1J3Q1pnWUkxeE9nN1RSa2VCLnBuZw.png
22,Lucy Larson,Seattle U Redhawks,G,5-10,Sophomore,"Seattle, WA",FreeAgent,39.0,2.05,81.0,131.0,19.0,7.89,0.53,0.19,1.26,0.58,0.32,0.05,0.11,0.79,0.11,0.68,0.16,1.11,5.0,0.26,19.0,1.0,150.0,10.0,24.0,11.0,6.0,1.0,13.0,3.0,21.0,2.0,15.0,2.0,5.0,0.26,4.0,,lucy larson,https://goseattleu.com/imgproxy/dR1mTc9WB43roTFVu20B6gcm0knq8UA90sb7kmGCh0Y/rs:fit:1980:0:0/g:ce/q:90/aHR0cHM6Ly9zdG9yYWdlLmdvb2dsZWFwaXMuY29tL2dvc2VhdHRsZXUtY29tLXByb2QvMjAyNS8xMC8wOS8zWXVFQnJjUkFCSzJ6VVB2ejhTQnFFdHY0M0o4clh1WVAyUnRqSlZ3LnBuZw.png
24,Sydnie Rodriguez,Seattle U Redhawks,G,6-0,Sophomore,"Boise, ID",FreeAgent,278.0,12.64,48.0,74.0,22.0,25.5,6.23,0.326,4.86,1.0,1.27,0.23,0.77,3.55,1.64,1.82,1.91,7.05,23.0,1.05,84.0,3.82,561.0,137.0,107.0,22.0,28.0,5.0,40.0,42.0,155.0,17.0,78.0,36.0,42.0,1.91,5.0,Owhyee HS,sydnie rodriguez,https://goseattleu.com/imgproxy/coiLDNnfD4ptGSHU6KNsQGAz0cK2mGzljSZiA1gw3wc/rs:fit:1980:0:0/g:ce/q:90/aHR0cHM6Ly9zdG9yYWdlLmdvb2dsZWFwaXMuY29tL2dvc2VhdHRsZXUtY29tLXByb2QvMjAyNS8xMC8wOS85RENVaGt6T2NWaUlaMWMySEJLck1YeTM4a1Q4aWN3RnhJRHBzQzlzLnBuZw.png
0,Tiara Bolden,Oregon State Beavers,G,5-11,Gr.,"Eugene, OR",RR,607.0,24.28,13.0,21.0,25.0,28.76,12.4,0.494,4.8,1.48,1.16,0.24,1.28,4.04,1.76,2.4,4.68,10.76,21.0,0.84,99.0,3.96,719.0,310.0,120.0,37.0,29.0,6.0,60.0,117.0,269.0,32.0,101.0,44.0,50.0,2.0,17.0,,tiara bolden,https://images.sidearmdev.com/crop?url=https%3A%2F%2Fdxbhsrqyrr690.cloudfront.net%2Fsidearm.nextgen.sites%2Foregonstate.sidearmsports.com%2Fimages%2F2024%2F10%2F2%2FWBB_Headshot-9.jpg&width=603&height=803&gravity=north&type=webp
1,Kennedie Shuler,Oregon State Beavers,G,5-10,Jr.,"Gresham, OR",UserTeam3,988.0,39.52,1.0,2.0,25.0,31.56,11.92,0.484,5.2,5.32,2.04,1.04,0.16,1.2,1.92,3.24,4.92,10.32,33.0,1.32,97.0,3.88,789.0,298.0,130.0,133.0,51.0,26.0,81.0,123.0,258.0,4.0,30.0,48.0,85.0,3.4,17.0,,kennedie shuler,https://images.sidearmdev.com/crop?url=https%3A%2F%2Fdxbhsrqyrr690.cloudfront.net%2Fsidearm.nextgen.sites%2Foregonstate.sidearmsports.com%2Fimages%2F2024%2F10%2F2%2FWBB_Headshot-2.jpg&width=603&height=803&gravity=north&type=webp
2,Katelyn Field,Oregon State Beavers,G,5-11,Fr.,"Melbourne, Australia",FreeAgent,83.0,4.15,73.5,121.5,20.0,9.25,2.3,0.487,0.9,0.15,0.2,0.1,0.5,1.45,0.4,0.55,0.7,1.95,1.0,0.05,17.0,0.85,185.0,46.0,18.0,3.0,4.0,2.0,11.0,14.0,39.0,10.0,29.0,8.0,8.0,0.4,14.0,,katelyn field,https://images.sidearmdev.com/crop?url=https%3A%2F%2Fdxbhsrqyrr690.cloudfront.net%2Fsidearm.nextgen.sites%2Foregonstate.sidearmsports.com%2Fimages%2F2025%2F5%2F12%2FKF_Headshot.jpg&width=603&height=803&gravity=north&type=webp
3,Jenna Villa,Oregon State Beavers,G,6-1,Jr.,"Arlington, WA",RR,720.0,28.8,8.0,12.0,25.0,32.2,15.12,0.513,4.68,1.72,0.8,0.28,1.88,5.24,4.2,1.76,4.52,10.64,26.0,1.04,91.0,3.64,805.0,378.0,117.0,43.0,20.0,7.0,44.0,113.0,266.0,47.0,131.0,105.0,120.0,4.8,17.0,,jenna villa,https://images.sidearmdev.com/crop?url=https%3A%2F%2Fdxbhsrqyrr690.cloudfront.net%2Fsidearm.nextgen.sites%2Foregonstate.sidearmsports.com%2Fimages%2F2025%2F5%2F12%2F25WBB_Recruit_Jenna_Villa_0009.jpg&width=603&height=803&gravity=north&type=webp
4,Ally Schimel,Oregon State Beavers,G,5-10,So.,"Corbett, OR",FreeAgent,365.0,14.6,40.0,60.0,25.0,28.92,6.6,0.533,2.32,0.92,0.76,0.28,1.68,3.68,0.2,1.12,2.36,6.0,6.0,0.24,52.0,2.08,723.0,165.0,58.0,23.0,19.0,7.0,28.0,59.0,150.0,42.0,92.0,5.0,11.0,0.44,17.0,,ally schimel,https://images.sidearmdev.com/crop?url=https%3A%2F%2Fdxbhsrqyrr690.cloudfront.net%2Fsidearm.nextgen.sites%2Foregonstate.sidearmsports.com%2Fimages%2F2024%2F10%2F2%2FWBB_Headshot-6.jpg&width=603&height=803&gravity=north&type=webp
7,Lucia Navarro,Oregon State Beavers,G,6-0,Jr.,"Valencia, Spain",FreeAgent,-18.0,-4.5,100.0,162.0,4.0,4.75,0.0,0.0,1.0,0.0,0.0,0.0,0.0,0.0,0.0,2.0,0.0,0.75,2.0,0.5,2.0,0.5,19.0,0.0,4.0,0.0,0.0,0.0,8.0,0.0,3.0,0.0,0.0,0.0,2.0,0.5,3.0,,lucia navarro,https://images.sidearmdev.com/crop?url=https%3A%2F%2Fdxbhsrqyrr690.cloudfront.net%2Fsidearm.nextgen.sites%2Foregonstate.sidearmsports.com%2Fimages%2F2024%2F10%2F2%2FWBB_Headshot-12.jpg&width=603&height=803&gravity=north&type=webp
10,Susana Yepes,Oregon State Beavers,F,6-0,R-Sr.,"Medellin, Colombia",FreeAgent,35.0,2.33,42.5,133.5,15.0,7.8,1.0,0.326,0.6,0.6,0.0,0.0,0.33,1.13,0.0,0.4,0.33,1.53,2.0,0.13,7.0,0.47,117.0,15.0,9.0,9.0,0.0,0.0,6.0,5.0,23.0,5.0,17.0,0.0,0.0,0.0,11.0,,susana yepes,https://images.sidearmdev.com/crop?url=https%3A%2F%2Fdxbhsrqyrr690.cloudfront.net%2Fsidearm.nextgen.sites%2Foregonstate.sidearmsports.com%2Fimages%2F2024%2F10%2F2%2FWBB_Headshot-11.jpg&width=603&height=803&gravity=north&type=webp
12,Mackenzie Shivers,Oregon State Beavers,G,5-6,R-Jr.,"Mesa, AZ",FreeAgent,4.0,0.44,89.0,147.0,9.0,3.89,1.0,0.154,0.33,0.11,0.0,0.0,0.0,0.78,0.56,0.22,0.22,1.44,1.0,0.11,2.0,0.22,35.0,9.0,3.0,1.0,0.0,0.0,2.0,2.0,13.0,0.0,7.0,5.0,6.0,0.67,7.0,,mackenzie shivers,https://images.sidearmdev.com/crop?url=https%3A%2F%2Fdxbhsrqyrr690.cloudfront.net%2Fsidearm.nextgen.sites%2Foregonstate.sidearmsports.com%2Fimages%2F2024%2F10%2F2%2FWBB_Headshot-8.jpg&width=603&height=803&gravity=north&type=webp
15,Lizzy Williamson,Oregon State Beavers,F,6-5,Gr.,"Adelaide, Australia",UserTeam4,456.0,18.24,14.0,41.0,25.0,17.72,5.76,0.504,4.8,0.76,0.48,0.88,0.0,0.04,0.64,1.04,2.56,5.08,46.0,1.84,74.0,2.96,443.0,144.0,120.0,19.0,12.0,22.0,26.0,64.0,127.0,0.0,1.0,16.0,26.0,1.04,17.0,,lizzy williamson,https://images.sidearmdev.com/crop?url=https%3A%2F%2Fdxbhsrqyrr690.cloudfront.net%2Fsidearm.nextgen.sites%2Foregonstate.sidearmsports.com%2Fimages%2F2025%2F5%2F16%2F25WBB_Recruit_Lizzy_Williamson_0037.jpg&width=603&height=803&gravity=north&type=webp
16,Elisa Mehyar,Oregon State Beavers,F,6-5,So.,"Copenhagen, Denmark",FreeAgent,34.0,3.09,44.0,135.0,11.0,4.09,1.09,0.714,1.09,0.0,0.0,0.18,0.0,0.0,0.18,0.36,0.45,0.64,5.0,0.45,7.0,0.64,45.0,12.0,12.0,0.0,0.0,2.0,4.0,5.0,7.0,0.0,0.0,2.0,5.0,0.45,8.0,,elisa mehyar,https://images.sidearmdev.com/crop?url=https%3A%2F%2Fdxbhsrqyrr690.cloudfront.net%2Fsidearm.nextgen.sites%2Foregonstate.sidearmsports.com%2Fimages%2F2024%2F10%2F2%2FWBB_Headshot-10.jpg&width=603&height=803&gravity=north&type=webp
22,Lara Alonso-Basurto,Oregon State Beavers,F,6-3,Fr.,"Madrid, Spain",FreeAgent,302.0,12.08,19.0,70.0,25.0,15.0,4.72,0.517,4.08,0.4,0.28,0.76,0.28,0.84,1.0,1.2,1.72,3.6,37.0,1.48,65.0,2.6,375.0,118.0,102.0,10.0,7.0,19.0,30.0,43.0,90.0,7.0,21.0,25.0,52.0,2.08,17.0,,lara alonso-basurto,https://images.sidearmdev.com/crop?url=https%3A%2F%2Fdxbhsrqyrr690.cloudfront.net%2Fsidearm.nextgen.sites%2Foregonstate.sidearmsports.com%2Fimages%2F2024%2F10%2F2%2FWBB_Headshot-10.jpg&width=603&height=803&gravity=north&type=webp
25,Keira Lindemans,Oregon State Beavers,G,6-0,Fr.,"Melbourne, Australia",FreeAgent,115.0,5.75,67.0,110.0,20.0,12.0,1.5,0.409,1.5,0.8,0.5,0.0,0.15,0.75,0.15,0.85,0.6,1.65,7.0,0.35,23.0,1.15,240.0,30.0,30.0,16.0,10.0,0.0,17.0,12.0,33.0,3.0,15.0,3.0,3.0,0.15,16.0,,keira lindemans,https://images.sidearmdev.com/crop?url=https%3A%2F%2Fdxbhsrqyrr690.cloudfront.net%2Fsidearm.nextgen.sites%2Foregonstate.sidearmsports.com%2Fimages%2F2025%2F5%2F12%2FKL_Headshot.jpg&width=603&height=803&gravity=north&type=webp
30,Catarina Ferreira,Oregon State Beavers,G,6-0,Gr.,"Sao Paulo, Brazil",FreeAgent,0.0,0.0,95.0,155.0,0.0,0.0,0.0,,0.0,0.0,0.0,0.0,0.0,0.0,0.0,0.0,0.0,0.0,0.0,0.0,0.0,0.0,0.0,0.0,0.0,0.0,0.0,0.0,0.0,0.0,0.0,0.0,0.0,0.0,0.0,0.0,0.0,,catarina ferreira,https://images.sidearmdev.com/crop?url=https%3A%2F%2Fdxbhsrqyrr690.cloudfront.net%2Fsidearm.nextgen.sites%2Foregonstate.sidearmsports.com%2Fimages%2F2024%2F10%2F2%2FWBB_Headshot-7.jpg&width=603&height=803&gravity=north&type=webp
31,Cloe Vecina,Oregon State Beavers,G,5-8,So.,"Vigo, Spain",FreeAgent,107.0,5.1,69.0,112.0,21.0,9.57,1.57,0.326,0.67,0.95,0.52,0.1,0.19,0.62,0.24,0.9,0.57,2.05,4.0,0.19,10.0,0.48,201.0,33.0,14.0,20.0,11.0,2.0,19.0,12.0,43.0,4.0,13.0,5.0,9.0,0.43,14.0,,cloe vecina,https://images.sidearmdev.com/crop?url=https%3A%2F%2Fdxbhsrqyrr690.cloudfront.net%2Fsidearm.nextgen.sites%2Foregonstate.sidearmsports.com%2Fimages%2F2024%2F10%2F2%2FWBB_Headshot-5.jpg&width=603&height=803&gravity=north&type=webp
32,Néné Sow,Oregon State Beavers,C,6-8,R-Sr.,"Brussels, Belgium",UserTeam2,333.0,13.32,2.0,62.0,25.0,14.16,3.84,0.612,5.56,0.16,0.2,0.92,0.0,0.0,0.56,1.08,1.64,2.68,35.0,1.4,104.0,4.16,354.0,96.0,139.0,4.0,5.0,23.0,27.0,41.0,67.0,0.0,0.0,14.0,39.0,1.56,17.0,,nene sow,https://images.sidearmdev.com/crop?url=https%3A%2F%2Fdxbhsrqyrr690.cloudfront.net%2Fsidearm.nextgen.sites%2Foregonstate.sidearmsports.com%2Fimages%2F2025%2F5%2F12%2F25WBB_Recruit_Ne_ne__Sow_0060.jpg&width=603&height=803&gravity=north&type=webp
0,Ivory Finley,Pepperdine Waves,G,5-10,Gr.,"Minneapolis, MN",FreeAgent,208.0,9.45,54.5,88.0,22.0,15.18,3.77,0.444,1.86,1.45,0.5,0.09,0.55,1.86,0.5,1.27,1.36,3.68,13.0,0.59,28.0,1.27,334.0,83.0,41.0,32.0,11.0,2.0,28.0,30.0,81.0,12.0,41.0,11.0,15.0,0.68,15.0,Utah State,ivory finley,https://daitadul56i2n.cloudfront.net/images/2025/9/26/0_ivory.jpg?width=80&quality=90
1,Taija Sta. Maria,Pepperdine Waves,G,5-6,Jr.,"Toronto, Ontario, Canada",UserTeam6,399.0,16.62,32.0,50.0,24.0,29.17,6.21,0.472,2.12,3.21,0.67,0.08,0.42,1.5,1.29,2.38,2.25,5.21,6.0,0.25,45.0,1.88,700.0,149.0,51.0,77.0,16.0,2.0,57.0,54.0,125.0,10.0,36.0,31.0,42.0,1.75,15.0,Fresno State,taija sta. maria,https://daitadul56i2n.cloudfront.net/images/2025/9/26/1_taija.jpg?width=80&quality=90
2,Ellison Guiney,Pepperdine Waves,G,5-11,So.,"Goodyear, AZ",UserTeam2,491.0,28.88,24.0,37.0,17.0,32.0,13.94,0.558,3.71,3.0,0.76,0.29,1.94,5.06,2.71,2.59,4.65,10.06,21.0,1.24,42.0,2.47,544.0,237.0,63.0,51.0,13.0,5.0,44.0,79.0,171.0,33.0,86.0,46.0,56.0,3.29,10.0,UNLV,ellison guiney,https://daitadul56i2n.cloudfront.net/images/2025/9/26/2_guiney.jpg?width=80&quality=90
3,Bella Green,Pepperdine Waves,G,6-0,Gr.,"Perth, Australia",FreeAgent,383.0,15.96,36.0,55.0,24.0,14.83,6.21,0.529,5.33,0.92,0.62,0.17,0.21,0.54,0.92,1.83,2.54,5.0,33.0,1.38,95.0,3.96,356.0,149.0,128.0,22.0,15.0,4.0,44.0,61.0,120.0,5.0,13.0,22.0,28.0,1.17,15.0,University of West Florida,bella green,https://daitadul56i2n.cloudfront.net/images/2025/9/26/3_green.jpg?width=80&quality=90
10,Ilinca Belegante,Pepperdine Waves,G,6-0,Fr.,"Bucharest, Romania",FreeAgent,3.0,0.27,90.0,148.0,11.0,2.27,0.45,0.3,0.0,0.0,0.0,0.0,0.09,0.45,0.18,0.18,0.09,0.45,0.0,0.0,0.0,0.0,25.0,5.0,0.0,0.0,0.0,0.0,2.0,1.0,5.0,1.0,5.0,2.0,3.0,0.27,9.0,,ilinca belegante,https://daitadul56i2n.cloudfront.net/images/2025/9/26/10_Ilinca.jpg?width=80&quality=90
11,Quinn VanSickle,Pepperdine Waves,G,5-8,Fr.,"Castle Rock, CO",FreeAgent,6.0,2.0,87.0,145.0,3.0,7.33,2.0,0.429,1.0,0.33,0.0,0.0,0.67,2.0,0.0,0.67,0.67,2.33,1.0,0.33,2.0,0.67,22.0,6.0,3.0,1.0,0.0,0.0,2.0,2.0,7.0,2.0,6.0,0.0,0.0,0.0,2.0,,quinn vansickle,https://daitadul56i2n.cloudfront.net/images/2025/9/26/11_quinn.jpg?width=80&quality=90
12,Shorna Preston,Pepperdine Waves,F,6-1,Jr.,"Christchurch, New Zealand",UserTeam4,741.0,30.88,3.0,10.0,24.0,23.42,8.42,0.521,9.08,2.38,1.42,1.38,0.62,2.08,1.21,2.67,3.29,6.92,42.0,1.75,176.0,7.33,562.0,202.0,218.0,57.0,34.0,33.0,64.0,79.0,166.0,15.0,50.0,29.0,44.0,1.83,15.0,Dodge City Community College,shorna preston,https://daitadul56i2n.cloudfront.net/images/2025/9/26/12_Shorna.jpg?width=80&quality=90
13,Meghan Fiso,Pepperdine Waves,G,5-10,Gr.,"Seattle, WA",UserTeam1,627.0,26.12,12.0,19.0,24.0,27.92,11.46,0.496,4.92,2.0,0.71,0.38,0.46,1.58,1.58,1.79,4.71,9.96,20.0,0.83,98.0,4.08,670.0,275.0,118.0,48.0,17.0,9.0,43.0,113.0,239.0,11.0,38.0,38.0,53.0,2.21,15.0,San Diego State,meghan fiso,https://daitadul56i2n.cloudfront.net/images/2025/9/26/13_meghan.jpg?width=80&quality=90
22,Lina Falk,Pepperdine Waves,G,6-2,Jr.,"Wolfenbüttel, Germany",UserTeam2,532.0,24.18,18.0,27.5,22.0,28.55,10.86,0.564,4.41,1.32,0.95,0.18,1.14,2.77,1.64,1.59,4.05,8.18,28.0,1.27,69.0,3.14,628.0,239.0,97.0,29.0,21.0,4.0,35.0,89.0,180.0,25.0,61.0,36.0,45.0,2.05,14.0,Sacramento State,lina falk,https://daitadul56i2n.cloudfront.net/images/2025/9/26/22_lina.jpg?width=80&quality=90
30,Seleh Harmon,Pepperdine Waves,G,5-10,Fr.,"Norman, OK",UserTeam1,331.0,13.79,41.0,63.0,24.0,21.96,7.21,0.515,1.33,1.25,0.5,0.17,1.79,4.62,0.25,0.96,2.58,6.75,7.0,0.29,25.0,1.04,527.0,173.0,32.0,30.0,12.0,4.0,23.0,62.0,162.0,43.0,111.0,6.0,7.0,0.29,15.0,,seleh harmon,https://daitadul56i2n.cloudfront.net/images/2025/9/26/30_seleh.jpg?width=80&quality=90
31,Irune Orio,Pepperdine Waves,F,6-2,Sr.,"Balmaseda, Spain",FreeAgent,99.0,5.5,36.0,117.0,18.0,10.72,2.44,0.333,1.94,0.89,0.06,0.11,0.11,1.22,0.67,0.78,0.83,2.67,8.0,0.44,27.0,1.5,193.0,44.0,35.0,16.0,1.0,2.0,14.0,15.0,48.0,2.0,22.0,12.0,13.0,0.72,12.0,Sacramento State / Xavier,irune orio,https://daitadul56i2n.cloudfront.net/images/2025/9/26/31_irune.jpg?width=80&quality=90
44,Zoe Shanahan,Pepperdine Waves,F,6-2,Fr.,"Melbourne, Australia",FreeAgent,25.0,1.92,46.0,141.0,13.0,4.62,1.23,0.429,0.69,0.38,0.08,0.0,0.0,0.15,0.31,1.0,0.46,1.08,5.0,0.38,4.0,0.31,60.0,16.0,9.0,5.0,1.0,0.0,13.0,6.0,14.0,0.0,2.0,4.0,4.0,0.31,10.0,,zoe shanahan,https://daitadul56i2n.cloudfront.net/images/2025/9/26/44_Zoe.jpg?width=80&quality=90
1,Paige Lofing,Gonzaga Bulldogs,G,5-9,Fr.,"Billings, MT",FreeAgent,96.0,4.8,72.0,118.0,20.0,7.15,2.65,0.575,0.6,0.3,0.1,0.1,0.7,1.55,0.35,0.55,0.8,2.0,1.0,0.05,11.0,0.55,143.0,53.0,12.0,6.0,2.0,2.0,11.0,16.0,40.0,14.0,31.0,7.0,11.0,0.55,16.0,,paige lofing,https://d2jpxbzntgxotn.cloudfront.net/images/2025/9/10/paige_lofing-2059.JPG?width=80&quality=90
2,Vera Gunaydin,Gonzaga Bulldogs,G,5-9,Sr.,"Ankara, Turkey",FreeAgent,0.0,0.0,95.0,155.0,0.0,0.0,0.0,,0.0,0.0,0.0,0.0,0.0,0.0,0.0,0.0,0.0,0.0,0.0,0.0,0.0,0.0,0.0,0.0,0.0,0.0,0.0,0.0,0.0,0.0,0.0,0.0,0.0,0.0,0.0,0.0,0.0,South Georgia Tech,vera gunaydin,https://d2jpxbzntgxotn.cloudfront.net/images/2025/9/10/vera_gunaydin-7778.JPG?width=80&quality=90
3,Julia Wilson,Gonzaga Bulldogs,G,5-10,Fr.,"Temecula, CA",FreeAgent,165.0,7.5,62.0,97.0,22.0,11.32,2.09,0.424,1.23,1.05,0.36,0.14,0.23,0.55,0.32,0.64,0.77,2.09,4.0,0.18,23.0,1.05,249.0,46.0,27.0,23.0,8.0,3.0,14.0,17.0,46.0,5.0,12.0,7.0,13.0,0.59,16.0,Rancho Christian HS,julia wilson,https://d2jpxbzntgxotn.cloudfront.net/images/2025/9/10/julia_wilson-7070.JPG?width=80&quality=90
4,Sierra Lichtie,Gonzaga Bulldogs,F,6-0,Gr.,"Riverton, UT",FreeAgent,105.0,8.08,34.0,114.0,13.0,10.62,3.23,0.486,2.0,0.54,0.31,0.15,0.15,0.69,0.46,0.85,1.31,2.85,6.0,0.46,20.0,1.54,138.0,42.0,26.0,7.0,4.0,2.0,11.0,17.0,37.0,2.0,9.0,6.0,8.0,0.62,9.0,Cal Poly,sierra lichtie,https://d2jpxbzntgxotn.cloudfront.net/images/2025/9/10/sierra_lichtie-8103.JPG?width=80&quality=90
8,Ines Bettencourt,Gonzaga Bulldogs,G,5-9,Sr.,"Sao Miguel, Portugal",UserTeam3,461.0,19.21,25.0,40.0,24.0,25.79,5.88,0.401,3.29,3.08,1.42,0.33,0.96,2.58,0.83,2.33,2.04,6.29,20.0,0.83,59.0,2.46,619.0,141.0,79.0,74.0,34.0,8.0,56.0,49.0,151.0,23.0,62.0,20.0,28.0,1.17,17.0,UConn,ines bettencourt,https://d2jpxbzntgxotn.cloudfront.net/images/2025/9/10/ines_bettencourt-6446.JPG?width=80&quality=90
11,Allie Turner,Gonzaga Bulldogs,G,5-8,So.,"St. Louis, MO",UserTeam6,745.0,29.8,7.0,9.0,25.0,33.4,14.08,0.555,2.28,3.72,0.64,0.24,2.4,5.28,2.4,2.68,4.64,10.52,6.0,0.24,51.0,2.04,835.0,352.0,57.0,93.0,16.0,6.0,67.0,116.0,263.0,60.0,132.0,60.0,63.0,2.52,18.0,John Burroughs HS,allie turner,https://d2jpxbzntgxotn.cloudfront.net/images/2025/9/10/new_allie_pic.JPG?width=80&quality=90
12,Christabel Osarobo,Gonzaga Bulldogs,G,5-11,So.,"Tudela, Spain",FreeAgent,75.0,3.41,76.0,124.0,22.0,6.14,0.91,0.354,0.95,0.41,0.14,0.14,0.05,0.41,0.14,0.41,0.36,1.09,10.0,0.45,11.0,0.5,135.0,20.0,21.0,9.0,3.0,3.0,9.0,8.0,24.0,1.0,9.0,3.0,4.0,0.18,16.0,Ipswich Basketball Academy,christabel osarobo,https://d2jpxbzntgxotn.cloudfront.net/images/2025/9/10/christabel_osarobo-7880-3.JPG?width=80&quality=90
20,Taylor Smith,Gonzaga Bulldogs,F,6-2,Jr.,"Pocatello, ID",UserTeam3,522.0,20.88,10.0,30.5,25.0,23.28,5.36,0.462,3.6,2.8,1.28,0.52,0.04,0.6,0.44,2.04,2.44,5.32,33.0,1.32,57.0,2.28,582.0,134.0,90.0,70.0,32.0,13.0,51.0,61.0,133.0,1.0,15.0,11.0,16.0,0.64,18.0,Weber State,taylor smith,https://d2jpxbzntgxotn.cloudfront.net/images/2025/9/10/taylor_smith-1502.JPG?width=80&quality=90
22,McKynnlie Dalan,Gonzaga Bulldogs,F,6-0,Jr.,"Montesano, WA",FreeAgent,102.0,5.1,35.0,115.0,20.0,9.55,1.7,0.279,2.15,0.35,0.35,0.1,0.05,0.15,0.75,0.75,0.45,1.7,18.0,0.9,25.0,1.25,191.0,34.0,43.0,7.0,7.0,2.0,15.0,9.0,34.0,1.0,3.0,15.0,19.0,0.95,14.0,Minnesota,mckynnlie dalan,https://d2jpxbzntgxotn.cloudfront.net/images/2025/9/10/mckynnlie_dalan.JPG?width=80&quality=90
23,Jaiden Haile,Gonzaga Bulldogs,F,6-2,Fr.,"Fargo, ND",FreeAgent,479.0,19.16,13.0,39.0,25.0,18.28,6.68,0.538,6.52,1.24,0.32,0.32,0.0,0.04,1.08,1.2,2.8,5.2,84.0,3.36,79.0,3.16,457.0,167.0,163.0,31.0,8.0,8.0,30.0,70.0,130.0,0.0,1.0,27.0,62.0,2.48,18.0,West Fargo Horace HS,jaiden haile,https://d2jpxbzntgxotn.cloudfront.net/images/2025/9/10/jaiden_haile.JPG?width=80&quality=90
24,Teryn Gardner,Gonzaga Bulldogs,G,5-10,So.,"Spokane, WA",FreeAgent,388.0,15.52,34.0,53.0,25.0,20.2,5.92,0.601,3.2,1.12,0.6,0.08,1.48,3.24,0.44,0.88,2.0,4.56,31.0,1.24,49.0,1.96,505.0,148.0,80.0,28.0,15.0,2.0,22.0,50.0,114.0,37.0,81.0,11.0,12.0,0.48,18.0,Boise State,teryn gardner,https://d2jpxbzntgxotn.cloudfront.net/images/2025/9/10/teryn_gardner-7278.JPG?width=80&quality=90
33,Lauren Whittaker,Gonzaga Bulldogs,F,6-3,R-Fr.,"Canterbury, New Zealand",UserTeam1,1098.0,43.92,1.0,1.0,25.0,26.48,19.52,0.586,10.12,1.16,1.32,0.44,1.12,3.08,4.0,2.2,7.2,13.24,55.0,2.2,198.0,7.92,662.0,488.0,253.0,29.0,33.0,11.0,55.0,180.0,331.0,28.0,77.0,100.0,121.0,4.84,18.0,,lauren whittaker,https://d2jpxbzntgxotn.cloudfront.net/images/2025/9/10/lauren_whittaker-1119.JPG?width=80&quality=90
55,Zeryhia Aokuso,Gonzaga Bulldogs,G,5-10,Jr.,"Amarillo, TX",UserTeam2,405.0,16.2,30.0,48.0,25.0,23.36,8.44,0.429,2.64,2.24,0.6,0.0,0.48,1.48,1.48,2.4,3.24,8.12,18.0,0.72,48.0,1.92,584.0,211.0,66.0,56.0,15.0,0.0,60.0,81.0,203.0,12.0,37.0,37.0,50.0,2.0,18.0,Saint Mary's,zeryhia aokuso,https://d2jpxbzntgxotn.cloudfront.net/images/2025/9/10/zerhyia_aokuso-7494.JPG?width=80&quality=90
0,Jess Lawson,Loyola Marymount Lions,G,5-7,Gr.,"Las Vegas, NV",UserTeam3,837.0,36.39,3.0,4.0,23.0,26.74,14.78,0.459,7.7,2.09,1.78,0.04,0.43,1.17,4.52,1.43,4.91,11.17,71.0,3.09,106.0,4.61,615.0,340.0,177.0,48.0,41.0,1.0,33.0,113.0,257.0,10.0,27.0,104.0,141.0,6.13,15.0,Central Michigan,jess lawson,https://d2vhz6gv4pigvw.cloudfront.net/images/2025/10/2/Jess_Lawson.jpg?width=80&quality=90
2,Mari Somvichian,Loyola Marymount Lions,G,5-4,Jr.,"Oakland, CA",FreeAgent,33.0,2.2,82.5,136.5,15.0,6.4,0.87,0.333,0.27,0.2,0.27,0.0,0.13,0.6,0.2,0.27,0.27,1.0,2.0,0.13,2.0,0.13,96.0,13.0,4.0,3.0,4.0,0.0,4.0,4.0,15.0,2.0,9.0,3.0,4.0,0.27,10.0,,mari somvichian,https://d2vhz6gv4pigvw.cloudfront.net/images/2025/10/2/Mari_Somvichian.jpg?width=80&quality=90
4,Allison Clarke,Loyola Marymount Lions,G,5-11,So.,"Anaheim, CA",FreeAgent,131.0,8.19,64.0,103.0,16.0,19.69,3.94,0.338,0.94,1.0,1.0,0.19,0.75,3.62,0.94,0.75,1.12,4.44,2.0,0.12,13.0,0.81,315.0,63.0,15.0,16.0,16.0,3.0,12.0,18.0,71.0,12.0,58.0,15.0,19.0,1.19,11.0,,allison clarke,https://d2vhz6gv4pigvw.cloudfront.net/images/2025/10/2/Allison_Clarke.jpg?width=80&quality=90
5,Carly Heidger,Loyola Marymount Lions,G,6-3,Sr.,"Dacula, GA",UserTeam1,448.0,19.48,27.0,43.0,23.0,28.22,8.52,0.488,3.26,1.17,1.09,0.0,0.78,2.96,1.39,0.78,3.17,7.3,29.0,1.26,46.0,2.0,649.0,196.0,75.0,27.0,25.0,0.0,18.0,73.0,168.0,18.0,68.0,32.0,38.0,1.65,15.0,Samford,carly heidger,https://d2vhz6gv4pigvw.cloudfront.net/images/2025/10/2/Carly_Heidger.jpg?width=80&quality=90
7,Ana Milanovic,Loyola Marymount Lions,F,6-2,So.,"Belgrade, Serbia",FreeAgent,35.0,3.5,42.5,133.5,10.0,6.7,2.3,0.452,0.7,0.3,0.2,0.0,0.1,0.9,0.4,0.8,0.9,2.1,3.0,0.3,4.0,0.4,67.0,23.0,7.0,3.0,2.0,0.0,8.0,9.0,21.0,1.0,9.0,4.0,5.0,0.5,8.0,Middle Tennessee,ana milanovic,https://d2vhz6gv4pigvw.cloudfront.net/images/2025/10/2/Ana_Milanovic.jpg?width=80&quality=90
10,Lova Lagerlid,Loyola Marymount Lions,G,6-1,So.,"Stockholm, Sweden",FreeAgent,10.0,1.67,86.0,143.5,6.0,5.17,0.5,0.188,1.17,0.0,0.0,0.17,0.17,0.67,0.0,0.0,0.17,1.33,2.0,0.33,5.0,0.83,31.0,3.0,7.0,0.0,0.0,1.0,0.0,1.0,8.0,1.0,4.0,0.0,2.0,0.33,5.0,Colorado,lova lagerlid,https://d2vhz6gv4pigvw.cloudfront.net/images/2025/10/2/Lova_Lagerlid.jpg?width=80&quality=90
13,Ivana Krajina,Loyola Marymount Lions,G,5-11,Sr.,"Kastel Novi, Croatia",FreeAgent,385.0,16.74,35.0,54.0,23.0,27.39,5.87,0.483,1.87,3.09,1.13,0.09,0.87,2.3,0.91,2.52,2.04,5.13,5.0,0.22,38.0,1.65,630.0,135.0,43.0,71.0,26.0,2.0,58.0,47.0,118.0,20.0,53.0,21.0,27.0,1.17,15.0,Texas Tech,ivana krajina,https://d2vhz6gv4pigvw.cloudfront.net/images/2025/10/2/Ivana_Krajina.jpg?width=80&quality=90
22,Alia Matavao,Loyola Marymount Lions,F,6-0,Jr.,"Las Vegas, NV",FreeAgent,0.0,0.0,49.5,155.0,0.0,0.0,0.0,,0.0,0.0,0.0,0.0,0.0,0.0,0.0,0.0,0.0,0.0,0.0,0.0,0.0,0.0,0.0,0.0,0.0,0.0,0.0,0.0,0.0,0.0,0.0,0.0,0.0,0.0,0.0,0.0,0.0,BYU,alia matavao,https://d2vhz6gv4pigvw.cloudfront.net/images/2025/10/2/Ali_a_Matavao.jpg?width=80&quality=90
24,Kayla Jones,Loyola Marymount Lions,F,6-0,Jr.,"Norman, OK",FreeAgent,271.0,11.78,21.5,77.0,23.0,11.96,4.61,0.552,2.35,0.96,0.26,0.04,0.09,0.26,0.43,0.74,2.04,3.78,33.0,1.43,21.0,0.91,275.0,106.0,54.0,22.0,6.0,1.0,17.0,47.0,87.0,2.0,6.0,10.0,19.0,0.83,15.0,Grayson College,kayla jones,https://d2vhz6gv4pigvw.cloudfront.net/images/2025/10/2/Kayla_Jones.jpg?width=80&quality=90
28,Andjela Matic,Loyola Marymount Lions,G,5-9,Sr.,"Ub, Serbia",UserTeam4,529.0,23.0,19.0,29.0,23.0,34.04,9.78,0.475,3.39,3.3,0.87,0.0,1.91,4.91,1.43,1.87,3.22,8.78,7.0,0.3,71.0,3.09,783.0,225.0,78.0,76.0,20.0,0.0,43.0,74.0,202.0,44.0,113.0,33.0,44.0,1.91,15.0,Duquesne,andjela matic,https://d2vhz6gv4pigvw.cloudfront.net/images/2025/10/2/Andjela_Matic.jpg?width=80&quality=90
30,Paula Reus Piza,Loyola Marymount Lions,F,6-1,Gr.,"Palma De Mallorca, Spain",RR,212.0,13.25,24.0,86.0,16.0,15.19,5.5,0.447,3.62,1.06,0.56,0.12,0.38,1.25,1.25,1.38,1.94,4.75,14.0,0.88,44.0,2.75,243.0,88.0,58.0,17.0,9.0,2.0,22.0,31.0,76.0,6.0,20.0,20.0,23.0,1.44,11.0,New Mexico,paula reus piza,https://d2vhz6gv4pigvw.cloudfront.net/images/2025/10/2/Paula_Reus_Piza.jpg?width=80&quality=90
54,Zawadi Ogot,Loyola Marymount Lions,G,5-11,So.,"Upland, CA",FreeAgent,284.0,12.35,47.0,72.0,23.0,15.91,4.3,0.535,2.26,0.65,0.83,0.22,0.0,0.0,0.3,0.96,2.0,3.74,19.0,0.83,33.0,1.43,366.0,99.0,52.0,15.0,19.0,5.0,22.0,46.0,86.0,0.0,0.0,7.0,19.0,0.83,15.0,,zawadi ogot,https://d2vhz6gv4pigvw.cloudfront.net/images/2025/10/2/Zawadi_Ogot.jpg?width=80&quality=90
55,Maya Hernandez,Loyola Marymount Lions,F,6-0,Jr.,"San Jose, CA",RR,794.0,34.52,2.0,6.0,23.0,27.35,14.65,0.491,5.78,1.57,1.65,0.78,0.0,0.3,2.74,2.09,5.96,12.13,64.0,2.78,69.0,3.0,629.0,337.0,133.0,36.0,38.0,18.0,48.0,137.0,279.0,0.0,7.0,63.0,92.0,4.0,15.0,,maya hernandez,https://d2vhz6gv4pigvw.cloudfront.net/images/2025/10/2/Maya_Hernandez.jpg?width=80&quality=90
2,Aniya Hooker,Santa Clara Broncos,G,5-8,So.,"Lynnwood, WA",UserTeam4,517.0,20.68,22.0,34.0,25.0,25.84,5.88,0.449,2.8,2.08,1.76,0.32,0.72,2.4,1.0,1.0,2.08,5.44,28.0,1.12,42.0,1.68,646.0,147.0,70.0,52.0,44.0,8.0,25.0,52.0,136.0,18.0,60.0,25.0,38.0,1.52,18.0,,aniya hooker,https://santaclarabroncos.com/images/2025/9/18/hooker_aniyaDJR13246.JPG?width=80&quality=90
3,Kate Schat,Santa Clara Broncos,G,5-9,Fr.,"Redwood Valley, CA",FreeAgent,151.0,6.29,63.0,99.5,24.0,10.33,3.5,0.494,1.08,0.71,0.25,0.04,0.83,2.62,0.33,0.71,1.17,3.21,5.0,0.21,21.0,0.88,248.0,84.0,26.0,17.0,6.0,1.0,17.0,28.0,77.0,20.0,63.0,8.0,14.0,0.58,18.0,,kate schat,https://santaclarabroncos.com/images/2025/9/18/schat_katieDJR13224.JPG?width=80&quality=90
4,Maddy Warberg,Santa Clara Broncos,G,5-11,Fr.,"Eugene, OR",FreeAgent,0.0,0.0,95.0,155.0,0.0,0.0,0.0,,0.0,0.0,0.0,0.0,0.0,0.0,0.0,0.0,0.0,0.0,0.0,0.0,0.0,0.0,0.0,0.0,0.0,0.0,0.0,0.0,0.0,0.0,0.0,0.0,0.0,0.0,0.0,0.0,0.0,,maddy warberg,https://santaclarabroncos.com/images/2025/9/18/warberg_maddyDJR13195.JPG?width=80&quality=90
5,Sara Schmerbach,Santa Clara Broncos,G,5-11,Fr.,"South Medford, OR",FreeAgent,0.0,0.0,95.0,155.0,0.0,0.0,0.0,,0.0,0.0,0.0,0.0,0.0,0.0,0.0,0.0,0.0,0.0,0.0,0.0,0.0,0.0,0.0,0.0,0.0,0.0,0.0,0.0,0.0,0.0,0.0,0.0,0.0,0.0,0.0,0.0,0.0,,sara schmerbach,https://santaclarabroncos.com/images/2025/9/18/schimerbach_saraDJR13228.JPG?width=80&quality=90
6,Sienna Grieger,Santa Clara Broncos,G,5-9,Fr.,"West Adelaide, Australia",FreeAgent,53.0,4.42,78.0,126.0,12.0,6.0,1.67,0.413,1.0,0.67,0.0,0.0,0.25,1.42,0.08,0.25,0.67,1.92,4.0,0.33,8.0,0.67,72.0,20.0,12.0,8.0,0.0,0.0,3.0,8.0,23.0,3.0,17.0,1.0,1.0,0.08,12.0,,sienna grieger,https://santaclarabroncos.com/images/2025/9/18/grieger_siennaDJR13186.JPG?width=80&quality=90
9,Maia Jones,Santa Clara Broncos,G,5-10,R-Jr.,"Tasman, New Zealand",UserTeam2,788.0,31.52,5.0,7.0,25.0,25.8,15.12,0.477,4.84,2.04,1.56,0.6,2.08,6.4,3.68,1.84,4.68,12.0,47.0,1.88,74.0,2.96,645.0,378.0,121.0,51.0,39.0,15.0,46.0,117.0,300.0,52.0,160.0,92.0,114.0,4.56,18.0,,maia jones,https://santaclarabroncos.com/images/2025/9/18/jones_maiaDJR13254.JPG?width=80&quality=90
10,Lauren Grover,Santa Clara Broncos,F,6-1,Sr.,"Corona, CA",FreeAgent,45.0,5.0,40.0,130.0,9.0,3.56,1.11,0.5,1.22,0.44,0.11,0.0,0.0,0.0,0.0,0.22,0.56,1.11,3.0,0.33,8.0,0.89,32.0,10.0,11.0,4.0,1.0,0.0,2.0,5.0,10.0,0.0,0.0,0.0,0.0,0.0,9.0,,lauren grover,https://santaclarabroncos.com/images/2025/9/18/grover_laurenDJR13261.JPG?width=80&quality=90
11,Alana Goodchild,Santa Clara Broncos,F,6-2,Sr.,"Sydney, Australia",FreeAgent,48.0,4.0,39.0,128.0,12.0,5.25,2.25,0.385,1.42,0.08,0.17,0.0,0.33,1.42,0.58,0.17,0.67,2.17,8.0,0.67,9.0,0.75,63.0,27.0,17.0,1.0,2.0,0.0,2.0,8.0,26.0,4.0,17.0,7.0,12.0,1.0,11.0,,alana goodchild,https://santaclarabroncos.com/images/2025/9/18/goodchild_alannaDJR13217.JPG?width=80&quality=90
12,Sophie Glancey,Santa Clara Broncos,F,6-2,Gr.,"Boise, ID",UserTeam2,679.0,37.72,6.0,16.0,18.0,24.61,14.56,0.513,7.0,0.78,0.83,2.0,0.56,2.06,3.22,0.89,5.39,11.06,45.0,2.5,81.0,4.5,443.0,262.0,126.0,14.0,15.0,36.0,16.0,97.0,199.0,10.0,37.0,58.0,71.0,3.94,14.0,,sophie glancey,https://santaclarabroncos.com/images/2025/9/18/glancey_sophieDJR13209_dcKrR.JPG?width=80&quality=90
13,Ava Schmidt,Santa Clara Broncos,F,6-2,Jr.,"Sammamish, WA",UserTeam1,740.0,30.83,4.0,11.0,24.0,24.96,11.5,0.502,4.83,0.92,1.29,2.08,2.08,5.83,0.92,0.96,4.25,10.54,29.0,1.21,87.0,3.62,599.0,276.0,116.0,22.0,31.0,50.0,23.0,102.0,253.0,50.0,140.0,22.0,35.0,1.46,17.0,,ava schmidt,https://santaclarabroncos.com/images/2025/9/18/schmidt_avaDJR13235.JPG?width=80&quality=90
20,Delainey Miller,Santa Clara Broncos,G,5-10,Fr.,"Aurora, CO",UserTeam1,425.0,17.0,29.0,46.0,25.0,17.24,6.44,0.418,5.32,1.28,0.8,0.56,0.12,1.04,1.52,1.64,2.4,5.88,41.0,1.64,92.0,3.68,431.0,161.0,133.0,32.0,20.0,14.0,41.0,60.0,147.0,3.0,26.0,38.0,70.0,2.8,18.0,,delainey miller,https://santaclarabroncos.com/images/2025/9/18/miller_delaneyDJR13189.JPG?width=80&quality=90
23,Ashley Hawkins,Santa Clara Broncos,G,5-6,Gr.,"Long Beach, CA",UserTeam4,957.0,38.28,2.0,3.0,25.0,30.52,13.68,0.491,3.64,6.0,1.48,0.04,1.48,4.64,3.0,2.36,4.6,10.88,12.0,0.48,79.0,3.16,763.0,342.0,91.0,150.0,37.0,1.0,59.0,115.0,272.0,37.0,116.0,75.0,91.0,3.64,18.0,,ashley hawkins,https://santaclarabroncos.com/images/2025/9/18/hawkins_ashleyDJR13268.JPG?width=80&quality=90
24,Reilly Clark,Santa Clara Broncos,G,5-10,R-So.,"Tucson, AZ",FreeAgent,0.0,0.0,95.0,155.0,0.0,0.0,0.0,,0.0,0.0,0.0,0.0,0.0,0.0,0.0,0.0,0.0,0.0,0.0,0.0,0.0,0.0,0.0,0.0,0.0,0.0,0.0,0.0,0.0,0.0,0.0,0.0,0.0,0.0,0.0,0.0,0.0,,reilly clark,https://santaclarabroncos.com/images/2025/9/18/clark_reillyDJR13192.JPG?width=80&quality=90
30,Kylee Fox,Santa Clara Broncos,F,5-11,Jr.,"Richland, WA",UserTeam3,617.0,24.68,7.0,20.0,25.0,27.72,10.0,0.493,4.6,1.44,1.24,0.2,1.72,4.8,1.08,0.68,3.6,9.04,40.0,1.6,75.0,3.0,693.0,250.0,115.0,36.0,31.0,5.0,17.0,90.0,226.0,43.0,120.0,27.0,31.0,1.24,18.0,,kylee fox,https://santaclarabroncos.com/images/2025/9/18/fox_kyleeDJR13231_lFMvf.JPG?width=80&quality=90
34,Tyler Gildersleeve-Stiles,Santa Clara Broncos,F,6-1,Fr.,"Snohomish, WA",UserTeam3,347.0,13.88,18.0,61.0,25.0,14.6,3.72,0.382,4.68,1.0,0.76,0.32,0.04,0.44,0.48,0.76,1.6,4.24,50.0,2.0,67.0,2.68,365.0,93.0,117.0,25.0,19.0,8.0,19.0,40.0,106.0,1.0,11.0,12.0,28.0,1.12,18.0,,tyler gildersleeve-stiles,https://images.sidearmdev.com/resize?url=https%3a%2f%2fdbukjj6eu5tsf.cloudfront.net%2fsidearm.sites%2fsantaclara.sidearmsports.com%2fimages%2f2025%2f9%2f18%2fgildersleevestiles_tylerDJR13266_mSdFb.JPG&width=80&type=webp&quality=90
0,Jada Hunter,Saint Mary's Gaels,G,5-10,Jr.,"Vallejo, CA",UserTeam3,454.0,18.16,26.0,42.0,25.0,22.88,5.48,0.397,2.36,2.32,2.16,0.2,0.16,0.84,1.16,2.32,2.08,5.44,8.0,0.32,51.0,2.04,572.0,137.0,59.0,58.0,54.0,5.0,58.0,52.0,136.0,4.0,21.0,29.0,45.0,1.8,14.0,Laney College,jada hunter,https://duq7p5k7s6jsa.cloudfront.net/images/2024/10/5/Jada_Hunter.png?width=80&quality=90
2,Amy Kurkowski,Saint Mary's Gaels,G,6-1,So.,"Melbourne, Australia",FreeAgent,208.0,8.67,54.5,88.0,24.0,12.46,2.75,0.51,1.62,0.88,0.58,0.17,0.38,1.29,0.62,0.75,0.88,2.08,15.0,0.62,24.0,1.0,299.0,66.0,39.0,21.0,14.0,4.0,18.0,21.0,50.0,9.0,31.0,15.0,17.0,0.71,13.0,,amy kurkowski,https://duq7p5k7s6jsa.cloudfront.net/images/2024/10/5/Amy_Kurkowski.png?width=80&quality=90
3,Mauriana Hashemian-Orr,Saint Mary's Gaels,G,5-7,So.,"Portland, OR",UserTeam4,439.0,17.56,28.0,45.0,25.0,20.08,4.56,0.458,2.96,3.04,1.2,0.16,0.04,0.36,1.08,2.2,1.72,3.8,15.0,0.6,59.0,2.36,502.0,114.0,74.0,76.0,30.0,4.0,55.0,43.0,95.0,1.0,9.0,27.0,41.0,1.64,14.0,,mauriana hashemian-orr,https://duq7p5k7s6jsa.cloudfront.net/images/2024/10/17/MHO.jpg?width=80&quality=90
4,Charlece Ohiaeri,Saint Mary's Gaels,G,6-1,Jr.,"Las Vegas, NV",FreeAgent,175.0,7.0,60.0,94.0,25.0,11.72,3.04,0.391,2.08,0.32,0.68,0.12,0.16,1.12,0.32,0.76,1.28,3.48,20.0,0.8,32.0,1.28,293.0,76.0,52.0,8.0,17.0,3.0,19.0,32.0,87.0,4.0,28.0,8.0,15.0,0.6,14.0,Depaul,charlece ohiaeri,https://duq7p5k7s6jsa.cloudfront.net/images/2025/7/8/Charlece_Ohiaeri_Summer_Headshot.png?width=80&quality=90
5,Abigail Shoff,Saint Mary's Gaels,F,6-0,Jr.,"Redding, CA",FreeAgent,444.0,17.76,15.0,44.0,25.0,21.84,8.52,0.454,3.84,0.88,0.96,0.04,0.64,2.36,1.48,1.08,3.2,7.76,34.0,1.36,62.0,2.48,546.0,213.0,96.0,22.0,24.0,1.0,27.0,80.0,194.0,16.0,59.0,37.0,49.0,1.96,14.0,Long Beach State,abigail shoff,https://duq7p5k7s6jsa.cloudfront.net/images/2024/10/5/Abigail_Shoff.png?width=80&quality=90
7,Edie Clarke,Saint Mary's Gaels,F,6-4,So.,"Melbourne, Australia",UserTeam3,683.0,27.32,5.0,15.0,25.0,23.84,8.04,0.572,4.56,1.8,1.96,1.0,0.24,0.6,0.76,2.28,3.52,6.36,48.0,1.92,66.0,2.64,596.0,201.0,114.0,45.0,49.0,25.0,57.0,88.0,159.0,6.0,15.0,19.0,30.0,1.2,14.0,,edie clarke,https://duq7p5k7s6jsa.cloudfront.net/images/2024/10/5/Edie_Clarke.png?width=80&quality=90
8,Emily Foy,Saint Mary's Gaels,G,6-1,Jr.,"Newcastle, Australia",FreeAgent,252.0,14.0,50.0,81.0,18.0,21.72,7.67,0.516,2.56,1.28,0.39,0.11,0.78,2.72,0.67,1.72,3.11,6.78,9.0,0.5,37.0,2.06,391.0,138.0,46.0,23.0,7.0,2.0,31.0,56.0,122.0,14.0,49.0,12.0,16.0,0.89,11.0,,emily foy,https://duq7p5k7s6jsa.cloudfront.net/images/2024/10/5/Emily_Foy.png?width=80&quality=90
10,Georgia Grigoropoulou,Saint Mary's Gaels,F,6-3,Sr.,"Athens, Greece",FreeAgent,151.0,6.04,27.0,99.5,25.0,6.76,2.68,0.509,1.48,0.4,0.16,0.08,0.0,0.0,0.44,0.64,1.12,2.2,13.0,0.52,24.0,0.96,169.0,67.0,37.0,10.0,4.0,2.0,16.0,28.0,55.0,0.0,0.0,11.0,21.0,0.84,14.0,Santa Clara,georgia grigoropoulou,https://duq7p5k7s6jsa.cloudfront.net/images/2025/7/8/Georgia_Grigoropoulou_Summer_Headshot.png?width=80&quality=90
11,Coco Urlacher,Saint Mary's Gaels,G,5-10,Fr.,"Palatine, IL",FreeAgent,5.0,0.71,88.0,146.0,7.0,4.57,0.43,0.25,0.86,0.0,0.14,0.0,0.14,0.86,0.0,0.29,0.14,0.86,4.0,0.57,2.0,0.29,32.0,3.0,6.0,0.0,1.0,0.0,2.0,1.0,6.0,1.0,6.0,0.0,0.0,0.0,4.0,,coco urlacher,https://duq7p5k7s6jsa.cloudfront.net/images/2025/7/8/Coco_Urlacher_Summer_Headshot.png?width=80&quality=90
13,Malia Latu,Saint Mary's Gaels,G,5-8,Gr.,"East Palo Alto, CA",FreeAgent,374.0,14.96,37.0,57.0,25.0,22.76,5.88,0.361,3.0,2.4,1.2,0.04,0.08,0.48,1.08,2.6,2.36,6.64,25.0,1.0,50.0,2.0,569.0,147.0,75.0,60.0,30.0,1.0,65.0,59.0,166.0,2.0,12.0,27.0,31.0,1.24,14.0,Santa Clara,malia latu,https://duq7p5k7s6jsa.cloudfront.net/images/2025/7/8/Malia_Latu_Summer_Headshot.png?width=80&quality=90
22,Melesungu Afeaki,Saint Mary's Gaels,F,6-2,Sr.,"San Bruno, CA",FreeAgent,132.0,5.28,29.0,102.0,25.0,9.52,2.8,0.429,1.28,0.36,0.0,0.2,0.0,0.08,0.64,0.72,1.08,2.52,17.0,0.68,15.0,0.6,238.0,70.0,32.0,9.0,0.0,5.0,18.0,27.0,63.0,0.0,2.0,16.0,24.0,0.96,14.0,University of San Diego,melesungu afeaki,https://duq7p5k7s6jsa.cloudfront.net/images/2024/10/5/Melesungu_Afeaki.png?width=80&quality=90
23,Addi Wedin,Saint Mary's Gaels,G,5-10,R-Jr.,"Happy Valley, OR",UserTeam6,371.0,14.84,38.0,58.0,25.0,25.24,7.76,0.479,2.68,0.92,0.68,0.12,1.08,2.96,1.48,1.28,2.6,6.56,21.0,0.84,46.0,1.84,631.0,194.0,67.0,23.0,17.0,3.0,32.0,65.0,164.0,27.0,74.0,37.0,43.0,1.72,14.0,,addi wedin,https://duq7p5k7s6jsa.cloudfront.net/images/2024/10/17/AW.jpg?width=80&quality=90
24,Colleena Bryant,Saint Mary's Gaels,G,5-7,Fr.,"Detroit, MI",FreeAgent,0.0,0.0,95.0,155.0,0.0,0.0,0.0,,0.0,0.0,0.0,0.0,0.0,0.0,0.0,0.0,0.0,0.0,0.0,0.0,0.0,0.0,0.0,0.0,0.0,0.0,0.0,0.0,0.0,0.0,0.0,0.0,0.0,0.0,0.0,0.0,0.0,,colleena bryant,https://duq7p5k7s6jsa.cloudfront.net/images/2025/7/8/Colleena_Bryant_Summer_Headshot.png?width=80&quality=90
33,Ella Wedin,Saint Mary's Gaels,G,6-1,R-So.,"Happy Valley, OR",FreeAgent,111.0,5.05,68.0,111.0,22.0,10.77,2.68,0.461,0.86,0.41,0.41,0.0,0.86,2.68,0.0,0.41,0.91,2.91,5.0,0.23,14.0,0.64,237.0,59.0,19.0,9.0,9.0,0.0,9.0,20.0,64.0,19.0,59.0,0.0,0.0,0.0,13.0,LMU,ella wedin,https://duq7p5k7s6jsa.cloudfront.net/images/2024/10/5/Ella_Wedin.png?width=80&quality=90
2,Mali Ennis,Pacific Tigers,G,5-10,Sr.,"Burlingame, CA",FreeAgent,30.0,6.0,84.0,138.0,5.0,6.6,3.0,0.5,1.0,0.6,0.2,0.0,0.6,1.6,0.0,0.6,1.2,3.0,3.0,0.6,2.0,0.4,33.0,15.0,5.0,3.0,1.0,0.0,3.0,6.0,15.0,3.0,8.0,0.0,0.0,0.0,2.0,Saint Mary's College,mali ennis,https://pacifictigers.com/images/2025/10/20/Mali_Ennis.png?width=80&quality=90
3,Hannah Burg,Pacific Tigers,G,5-6,Sr.,"Colorado Springs, CO",FreeAgent,62.0,3.88,77.0,125.0,16.0,6.31,1.38,0.45,1.12,0.81,0.25,0.0,0.12,0.69,0.25,0.94,0.5,1.25,4.0,0.25,14.0,0.88,101.0,22.0,18.0,13.0,4.0,0.0,15.0,8.0,20.0,2.0,11.0,4.0,4.0,0.25,5.0,Augustana (SD),hannah burg,https://pacifictigers.com/images/2025/10/20/Hannah_Burg.png?width=80&quality=90
5,Stella Szabo,Pacific Tigers,G,5-11,R-So.,"Stockholm, Sweden",FreeAgent,215.0,9.35,53.0,85.0,23.0,22.17,3.96,0.494,2.7,0.83,0.78,0.04,1.0,2.65,0.35,1.22,1.3,3.65,23.0,1.0,39.0,1.7,510.0,91.0,62.0,19.0,18.0,1.0,28.0,30.0,84.0,23.0,61.0,8.0,16.0,0.7,9.0,Luleaa Gymnasieskola,stella szabo,https://pacifictigers.com/images/2025/10/20/Stella_Szabo.png?width=80&quality=90
7,Liv Yergensen,Pacific Tigers,G,5-11,Fr.,"El Dorado Hills, CA",FreeAgent,106.0,5.05,70.0,113.0,21.0,19.1,3.95,0.328,1.86,1.29,0.29,0.14,0.43,2.14,1.24,2.0,1.14,4.14,10.0,0.48,29.0,1.38,401.0,83.0,39.0,27.0,6.0,3.0,42.0,24.0,87.0,9.0,45.0,26.0,32.0,1.52,9.0,Oak Ridge HS,liv yergensen,https://pacifictigers.com/images/2025/10/20/Liv_Yergensen.png?width=80&quality=90
8,Sophia Mindermann,Pacific Tigers,G,5-10,Fr.,"Folsom, CA",FreeAgent,315.0,13.7,44.0,66.0,23.0,21.39,8.65,0.541,1.7,1.04,0.61,0.04,2.13,5.83,0.7,1.35,2.91,7.35,2.0,0.09,37.0,1.61,492.0,199.0,39.0,24.0,14.0,1.0,31.0,67.0,169.0,49.0,134.0,16.0,23.0,1.0,9.0,Folsom HS,sophia mindermann,https://pacifictigers.com/images/2025/10/20/Sophia_Mindermann.png?width=80&quality=90
9,Marina Radocaj,Pacific Tigers,G/F,6-3,Jr.,"Richmond, Canada",FreeAgent,310.0,14.76,2.0,67.0,21.0,19.0,4.05,0.442,4.81,1.0,0.57,1.29,0.0,0.05,0.43,1.95,1.81,4.1,29.0,1.38,72.0,3.43,399.0,85.0,101.0,21.0,12.0,27.0,41.0,38.0,86.0,0.0,1.0,9.0,22.0,1.05,8.0,Arizona State / R.A. McMath Secondary School,marina radocaj,https://pacifictigers.com/images/2025/10/20/Marina_Radocaj.png?width=80&quality=90
10,Sydney Ward,Pacific Tigers,G/F,6-0,Sr.,"Houston, TX",UserTeam4,656.0,28.52,1.0,17.5,23.0,26.74,10.91,0.569,6.78,1.39,1.0,1.13,0.78,2.04,3.0,2.3,3.57,6.96,51.0,2.22,105.0,4.57,615.0,251.0,156.0,32.0,23.0,26.0,53.0,82.0,160.0,18.0,47.0,69.0,83.0,3.61,9.0,The Village,sydney ward,https://pacifictigers.com/images/2025/10/20/Sydney_Ward.png?width=80&quality=90
11,Luisa Anderegg,Pacific Tigers,F,6-2,Sr.,"Cologne, Germany",FreeAgent,170.0,7.73,25.0,95.0,22.0,10.14,3.32,0.469,1.64,0.73,0.23,0.18,0.68,1.95,0.55,0.59,1.05,2.95,13.0,0.59,23.0,1.05,223.0,73.0,36.0,16.0,5.0,4.0,13.0,23.0,65.0,15.0,43.0,12.0,13.0,0.59,8.0,Midland College,luisa anderegg,https://pacifictigers.com/images/2025/10/20/Luisa_Anderegg.png?width=80&quality=90
15,Nyah Lowery,Pacific Tigers,G,5-11,Jr.,"Sacramento, CA",UserTeam6,297.0,12.91,46.0,71.0,23.0,21.04,6.3,0.447,3.39,1.17,0.87,0.09,1.09,3.52,0.43,1.52,2.39,6.57,18.0,0.78,60.0,2.61,484.0,145.0,78.0,27.0,20.0,2.0,35.0,55.0,151.0,25.0,81.0,10.0,15.0,0.65,9.0,Saint Mary's,nyah lowery,https://pacifictigers.com/images/2025/10/20/Nyah_Lowery.png?width=80&quality=90
21,Daria Nestorov,Pacific Tigers,G,5-4,So.,"Zrenjanin, Serbia",UserTeam1,575.0,25.0,15.0,24.0,23.0,29.35,9.0,0.41,2.61,5.09,1.48,0.09,1.0,3.7,1.3,3.04,3.35,9.39,11.0,0.48,49.0,2.13,675.0,207.0,60.0,117.0,34.0,2.0,70.0,77.0,216.0,23.0,85.0,30.0,35.0,1.52,9.0,Gymnasium Kraljevo,daria nestorov,https://pacifictigers.com/images/2025/10/20/Daria_Nestorov.png?width=80&quality=90
23,Kenlee Durrill,Pacific Tigers,G,5-10,R-So.,"Denver, CO",FreeAgent,0.0,0.0,95.0,155.0,4.0,6.25,0.5,0.0,0.75,0.75,0.0,0.0,0.0,1.25,0.5,0.5,0.0,1.75,0.0,0.0,3.0,0.75,25.0,2.0,3.0,3.0,0.0,0.0,2.0,0.0,7.0,0.0,5.0,2.0,2.0,0.5,2.0,Flat Irons,kenlee durrill,https://pacifictigers.com/images/2025/10/20/Kenlee_Durrill.png?width=80&quality=90
24,LaMiracle Lebon,Pacific Tigers,F,6-3,Fr.,"Columbus, MS",FreeAgent,28.0,5.6,45.0,139.0,5.0,12.4,1.2,0.167,2.4,0.4,0.4,0.4,0.0,0.0,0.8,0.8,0.2,1.2,8.0,1.6,4.0,0.8,62.0,6.0,12.0,2.0,2.0,2.0,4.0,1.0,6.0,0.0,0.0,4.0,6.0,1.2,3.0,Vanden HS,lamiracle lebon,https://pacifictigers.com/images/2025/10/20/LaMiracle_Lebon.png?width=80&quality=90
25,Winner Bartholomew,Pacific Tigers,F,6-1,So.,"Abuja, Nigeria",UserTeam2,586.0,25.48,8.0,23.0,23.0,24.57,13.74,0.465,5.43,1.0,0.52,0.09,0.04,0.17,2.74,1.78,5.48,11.83,47.0,2.04,78.0,3.39,565.0,316.0,125.0,23.0,12.0,2.0,41.0,126.0,272.0,1.0,4.0,63.0,80.0,3.48,9.0,Rider,winner bartholomew,https://pacifictigers.com/images/2025/10/20/Winner_Bartholomew.png?width=80&quality=90
32,Tyla Fautua,Pacific Tigers,F,6-0,So.,"Brisbane, Australia",FreeAgent,10.0,3.33,47.0,143.5,3.0,5.0,0.0,0.0,1.33,0.33,0.33,0.0,0.0,0.0,0.0,0.0,0.0,1.0,0.0,0.0,4.0,1.33,15.0,0.0,4.0,1.0,1.0,0.0,0.0,0.0,3.0,0.0,0.0,0.0,0.0,0.0,3.0,Southern Districts Spartans,tyla fautua,https://pacifictigers.com/images/2025/10/20/Tyla_Fautua.png?width=80&quality=90
2,Mara Neira,San Francisco Dons,G,5-9,Gr.,"Baiona, Spain",RR,366.0,15.25,39.0,59.0,24.0,23.46,7.88,0.414,3.88,1.54,1.33,0.0,1.75,6.04,0.46,1.71,2.83,8.96,11.0,0.46,82.0,3.42,563.0,189.0,93.0,37.0,32.0,0.0,41.0,68.0,215.0,42.0,145.0,11.0,13.0,0.54,14.0,Presbyterian/Appalachian State,mara neira,https://drtye9aslmeh1.cloudfront.net/images/2025/10/14/2_Mara_Neira_Headshot.jpg?width=80&quality=90
3,Noelia Mourino,San Francisco Dons,F,6-2,Fr.,"O Porrino, Spain",FreeAgent,127.0,21.17,31.5,106.5,6.0,22.5,6.0,0.375,8.0,2.33,1.67,0.33,0.0,0.0,2.0,3.17,2.0,5.33,18.0,3.0,30.0,5.0,135.0,36.0,48.0,14.0,10.0,2.0,19.0,12.0,32.0,0.0,0.0,12.0,19.0,3.17,3.0,Segle XXI Barcelona,noelia mourino,https://drtye9aslmeh1.cloudfront.net/images/2025/10/14/3_Noelia_Mourino_Headshot.jpg?width=80&quality=90
4,Meghan McIntyre,San Francisco Dons,G,5-6,Gr.,"Garden Grove, Calif.",UserTeam2,392.0,16.33,33.0,52.0,24.0,19.25,4.54,0.475,3.96,2.0,1.08,0.0,0.38,1.58,0.58,1.21,1.79,4.17,26.0,1.08,69.0,2.88,462.0,109.0,95.0,48.0,26.0,0.0,29.0,43.0,100.0,9.0,38.0,14.0,23.0,0.96,14.0,Southern Oregon/Orange Coast CC/Golden West CC,meghan mcintyre,https://drtye9aslmeh1.cloudfront.net/images/2025/10/14/4_Meghan_McIntyre_Headshot.jpg?width=80&quality=90
7,Nevaeh Ferrara Horne,San Francisco Dons,F,6-2,Jr.,"Regina, Saskatchewan, Canada",FreeAgent,86.0,5.06,38.0,120.0,17.0,9.35,1.82,0.481,1.59,0.24,0.24,0.35,0.12,0.29,0.29,0.94,0.71,1.59,8.0,0.47,19.0,1.12,159.0,31.0,27.0,4.0,4.0,6.0,16.0,12.0,27.0,2.0,5.0,5.0,7.0,0.41,10.0,North Dakota,nevaeh ferrara horne,https://drtye9aslmeh1.cloudfront.net/images/2025/10/14/7_Nevaeh_Ferrera_Horne_Headshot.jpg?width=80&quality=90
9,Aina Cargol,San Francisco Dons,G,5-9,Fr.,"Olot, Spain",UserTeam4,588.0,24.5,14.0,22.0,24.0,32.12,10.42,0.469,3.33,4.54,0.96,0.08,1.38,3.62,2.21,3.42,3.42,8.75,14.0,0.58,66.0,2.75,771.0,250.0,80.0,109.0,23.0,2.0,82.0,82.0,210.0,33.0,87.0,53.0,73.0,3.04,14.0,Spar Girona,aina cargol,https://drtye9aslmeh1.cloudfront.net/images/2025/10/14/9_Aina_Cargol_Headshot.jpg?width=80&quality=90
10,Amy Pateman,San Francisco Dons,G,5-8,Fr.,"Auckland, New Zealand",FreeAgent,27.0,2.7,85.0,140.0,10.0,5.4,1.5,0.412,0.5,0.3,0.2,0.0,0.2,1.1,0.1,0.3,0.6,1.7,1.0,0.1,4.0,0.4,54.0,15.0,5.0,3.0,2.0,0.0,3.0,6.0,17.0,2.0,11.0,1.0,2.0,0.2,3.0,Westlake Girls High School,amy pateman,https://drtye9aslmeh1.cloudfront.net/images/2025/10/14/10_Amy_Pateman_Headshot.jpg?width=80&quality=90
12,Natasa Tausova,San Francisco Dons,F,6-3,Fr.,"Poprad, Slovakia",FreeAgent,398.0,16.58,17.0,51.0,24.0,24.58,7.21,0.468,3.67,1.38,1.42,0.38,1.0,3.67,0.54,2.08,2.83,7.12,31.0,1.29,57.0,2.38,590.0,173.0,88.0,33.0,34.0,9.0,50.0,68.0,171.0,24.0,88.0,13.0,27.0,1.12,14.0,Piestanske Cajky,natasa tausova,https://drtye9aslmeh1.cloudfront.net/images/2025/10/14/12_Natasa_Tausova_Headshot.jpg?width=80&quality=90
14,Michelle Ugwah,San Francisco Dons,F,6-1,R-So.,"Cork, Ireland",FreeAgent,127.0,10.58,31.5,106.5,12.0,13.92,3.92,0.345,2.83,0.83,0.58,0.5,0.0,0.0,0.75,1.25,1.58,4.58,11.0,0.92,23.0,1.92,167.0,47.0,34.0,10.0,7.0,6.0,15.0,19.0,55.0,0.0,0.0,9.0,13.0,1.08,6.0,Morehead State,michelle ugwah,https://drtye9aslmeh1.cloudfront.net/images/2025/10/14/14_Michelle_Ugwah_Headshot.jpg?width=80&quality=90
21,Olivia Williams,San Francisco Dons,G,6-1,R-Sr.,"South San Francisco, Calif.",FreeAgent,130.0,8.67,65.0,104.0,15.0,11.47,3.4,0.368,2.0,0.47,0.33,0.47,0.13,1.07,0.6,0.47,1.33,3.8,6.0,0.4,24.0,1.6,172.0,51.0,30.0,7.0,5.0,7.0,7.0,20.0,57.0,2.0,16.0,9.0,10.0,0.67,8.0,UC Irvine,olivia williams,https://drtye9aslmeh1.cloudfront.net/images/2025/10/14/21_Olivia_Williams_Headshot.jpg?width=80&quality=90
22,Paula Tirado,San Francisco Dons,G,5-7,R-So.,"Mataro, Spain",FreeAgent,268.0,14.11,49.0,79.0,19.0,18.26,5.74,0.532,1.63,1.11,1.11,0.05,0.79,2.05,0.42,1.26,2.26,5.0,4.0,0.21,27.0,1.42,347.0,109.0,31.0,21.0,21.0,1.0,24.0,43.0,95.0,15.0,39.0,8.0,11.0,0.58,12.0,IES Damia Campeny,paula tirado,https://drtye9aslmeh1.cloudfront.net/images/2025/10/14/22_Paula_Tirado_Headshot.jpg?width=80&quality=90
23,Candy Edokpaigbe,San Francisco Dons,G,6-0,So.,"Naples, Italy",UserTeam6,786.0,32.75,6.0,8.0,24.0,31.88,17.04,0.516,4.5,1.25,1.33,0.71,0.67,2.58,3.96,2.5,6.21,12.67,53.0,2.21,55.0,2.29,765.0,409.0,108.0,30.0,32.0,17.0,60.0,149.0,304.0,16.0,62.0,95.0,121.0,5.04,14.0,Seattle U,candy edokpaigbe,https://drtye9aslmeh1.cloudfront.net/images/2025/10/14/23_Candy_Edkopaigbe_Headshot.jpg?width=80&quality=90
24,Sol Castro,San Francisco Dons,F,6-1,Gr.,"Rio Colorado, Argentina",FreeAgent,124.0,6.53,33.0,108.0,19.0,10.74,3.32,0.371,3.42,0.53,0.11,0.11,0.0,0.0,0.89,1.11,1.21,3.26,31.0,1.63,34.0,1.79,204.0,63.0,65.0,10.0,2.0,2.0,21.0,23.0,62.0,0.0,0.0,17.0,37.0,1.95,11.0,Robert Morris,sol castro,https://drtye9aslmeh1.cloudfront.net/images/2025/10/14/24_Sol_Castro_Headshot.jpg?width=80&quality=90
32,Sophia Priestley,San Francisco Dons,F,6-2,Fr.,"Oslo, Norway",FreeAgent,36.0,3.6,41.0,132.0,10.0,5.0,0.9,0.6,1.0,0.3,0.1,0.0,0.0,0.1,0.3,0.1,0.3,0.5,1.0,0.1,9.0,0.9,50.0,9.0,10.0,3.0,1.0,0.0,1.0,3.0,5.0,0.0,1.0,3.0,4.0,0.4,4.0,Ullern IF Oslo,sophia priestley,https://drtye9aslmeh1.cloudfront.net/images/2025/10/14/32_Sophia_Priestley_Headshot.jpg?width=80&quality=90
1,Malvina Haziri,Washington State Cougars,G,5-9,Fr.,"Vushtrria, Kosovo",FreeAgent,80.0,3.33,75.0,123.0,24.0,11.29,2.58,0.387,0.96,0.62,0.21,0.0,0.67,2.5,0.17,0.71,0.88,3.12,5.0,0.21,18.0,0.75,271.0,62.0,23.0,15.0,5.0,0.0,17.0,21.0,75.0,16.0,60.0,4.0,4.0,0.17,4.0,KBF Prishtina,malvina haziri,https://d1gp0cqcpext3x.cloudfront.net/images/2025/10/9/Haziri__Malvina.png?width=80&quality=90
2,Eleonora Villa,Washington State Cougars,G,5-8,Jr.,"Lissone, Italy",UserTeam1,821.0,31.58,4.0,5.0,26.0,35.54,17.0,0.513,2.31,3.5,1.04,0.23,1.46,4.5,2.31,3.12,6.62,14.31,9.0,0.35,51.0,1.96,924.0,442.0,60.0,91.0,27.0,6.0,81.0,172.0,372.0,38.0,117.0,60.0,85.0,3.27,5.0,Costa Masnaga,eleonora villa,https://d1gp0cqcpext3x.cloudfront.net/images/2025/10/9/Villa__Eleonora.png?width=80&quality=90
5,Jean Chiu,Washington State Cougars,G,5-7,Sr.,"Taipei, Taiwan",FreeAgent,51.0,2.12,79.0,127.0,24.0,7.92,0.67,0.341,0.58,0.38,0.33,0.0,0.04,0.38,0.04,0.5,0.29,0.92,2.0,0.08,12.0,0.5,190.0,16.0,14.0,9.0,8.0,0.0,12.0,7.0,22.0,1.0,9.0,1.0,2.0,0.08,3.0,University of Taipei,jean chiu,https://d1gp0cqcpext3x.cloudfront.net/images/2025/10/9/Chiu__Jean.png?width=80&quality=90
6,Tahara Magassa,Washington State Cougars,F,6-4,Fr.,"Paris, France",FreeAgent,0.0,0.0,49.5,155.0,0.0,0.0,0.0,,0.0,0.0,0.0,0.0,0.0,0.0,0.0,0.0,0.0,0.0,0.0,0.0,0.0,0.0,0.0,0.0,0.0,0.0,0.0,0.0,0.0,0.0,0.0,0.0,0.0,0.0,0.0,0.0,0.0,Saint-Amand Hainut,tahara magassa,https://dxbhsrqyrr690.cloudfront.net/sidearm.nextgen.sites/wsu.sidearmsports.com/images/responsive_2020/logo_main.svg
8,Mackenzie Chatfield,Washington State Cougars,G,5-9,Jr.,"Auckland, New Zealand",FreeAgent,401.0,15.42,31.0,49.0,26.0,23.35,3.81,0.373,3.5,3.04,0.77,0.04,0.0,0.04,0.88,1.88,1.46,3.92,23.0,0.88,68.0,2.62,607.0,99.0,91.0,79.0,20.0,1.0,49.0,38.0,102.0,0.0,1.0,23.0,27.0,1.04,5.0,Western Kentucky,mackenzie chatfield,https://d1gp0cqcpext3x.cloudfront.net/images/2025/10/9/Chatfield__Mackenzie.png?width=80&quality=90
9,Tanja Valancic,Washington State Cougars,F,6-0,Fr.,"Ljubljana, Slovenia",FreeAgent,271.0,10.42,21.5,77.0,26.0,20.42,3.58,0.407,4.04,1.73,0.77,0.04,0.35,1.81,0.54,1.85,1.35,3.73,28.0,1.08,77.0,2.96,531.0,93.0,105.0,45.0,20.0,1.0,48.0,35.0,97.0,9.0,47.0,14.0,24.0,0.92,5.0,Akson Ilirija,tanja valancic,https://d1gp0cqcpext3x.cloudfront.net/images/2025/10/9/Valancic__Tanja.png?width=80&quality=90
10,Charlotte Abraham,Washington State Cougars,G,6-0,So.,"Cambrai, France",RR,574.0,22.08,16.0,25.0,26.0,27.88,10.81,0.513,6.23,1.81,0.85,0.15,1.96,5.38,1.77,2.38,3.54,8.81,39.0,1.5,123.0,4.73,725.0,281.0,162.0,47.0,22.0,4.0,62.0,92.0,229.0,51.0,140.0,46.0,55.0,2.12,5.0,Lycee Marguerite de Flandre,charlotte abraham,https://d1gp0cqcpext3x.cloudfront.net/images/2025/10/9/Abraham__Charlotte.png?width=80&quality=90
12,Marta Alsina,Washington State Cougars,G,5-11,So.,"Barcelona, Spain",FreeAgent,217.0,9.04,52.0,84.0,24.0,17.46,2.75,0.393,2.42,1.42,0.88,0.25,0.29,1.46,0.46,1.54,1.0,2.92,11.0,0.46,47.0,1.96,419.0,66.0,58.0,34.0,21.0,6.0,37.0,24.0,70.0,7.0,35.0,11.0,18.0,0.75,4.0,Institut Joaquim Blume,marta alsina,https://d1gp0cqcpext3x.cloudfront.net/images/2025/10/9/Alsina__Marta.png?width=80&quality=90
15,Keandra Koorits,Washington State Cougars,G/F,6-2,R-Fr.,"Tallinn, Estonia",FreeAgent,283.0,10.88,3.0,73.0,26.0,18.0,6.46,0.402,2.65,0.73,0.62,0.15,0.69,3.15,0.77,1.0,2.5,7.08,21.0,0.81,48.0,1.85,468.0,168.0,69.0,19.0,16.0,4.0,26.0,65.0,184.0,18.0,82.0,20.0,25.0,0.96,5.0,Audentes Sports Gymnasium,keandra koorits,https://d1gp0cqcpext3x.cloudfront.net/images/2025/10/9/Koorits__Keandra.png?width=80&quality=90
25,Lauren Glazier,Washington State Cougars,F,6-4,Sr.,"North Bend, Wash.",FreeAgent,158.0,8.78,26.0,98.0,18.0,8.61,3.78,0.449,1.5,0.61,0.28,0.28,0.17,0.61,0.39,0.61,1.61,3.78,8.0,0.44,19.0,1.06,155.0,68.0,27.0,11.0,5.0,5.0,11.0,29.0,68.0,3.0,11.0,7.0,7.0,0.39,4.0,Mount Si HS,lauren glazier,https://d1gp0cqcpext3x.cloudfront.net/images/2025/10/9/Glazier__Lauren.png?width=80&quality=90
33,Alex Covill,Washington State Cougars,C,6-6,Jr.,"Missoula, Mont.",FreeAgent,250.0,20.83,5.0,82.0,12.0,22.25,9.75,0.49,3.75,0.42,0.58,2.25,0.0,0.0,1.92,3.25,3.92,8.0,15.0,1.25,30.0,2.5,267.0,117.0,45.0,5.0,7.0,27.0,39.0,47.0,96.0,0.0,0.0,23.0,31.0,2.58,4.0,Missoula Hellgate HS,alex covill,https://d1gp0cqcpext3x.cloudfront.net/images/2025/10/9/Covill__Alex.png?width=80&quality=90
55,Malia Ruud,Washington State Cougars,F,6-2,Fr.,"Pasco, Wash.",RR,532.0,20.46,9.0,27.5,26.0,25.69,9.12,0.51,3.85,1.35,0.69,0.46,0.85,2.27,0.88,1.42,3.69,8.08,37.0,1.42,63.0,2.42,668.0,237.0,100.0,35.0,18.0,12.0,37.0,96.0,210.0,22.0,59.0,23.0,35.0,1.35,5.0,Chiawana HS,malia ruud,https://d1gp0cqcpext3x.cloudfront.net/images/2025/10/9/Ruud__Malia.png?width=80&quality=90
0,Goundo Diakite Bayo,Portland Pilots,F,6-1,Fr.,"Barcelona, Spain",FreeAgent,0.0,0.0,49.5,155.0,0.0,0.0,0.0,,0.0,0.0,0.0,0.0,0.0,0.0,0.0,0.0,0.0,0.0,0.0,0.0,0.0,0.0,0.0,0.0,0.0,0.0,0.0,0.0,0.0,0.0,0.0,0.0,0.0,0.0,0.0,0.0,0.0,IES Carles Vallbona,goundo diakite bayo,https://portlandpilots.com/images/2025/10/15/Diakite_Goundoba26web.JPG?width=80&quality=90
2,Dyani Ananiev,Portland Pilots,G,6-2,R-So.,"St. Andrews, Australia",RR,705.0,30.65,9.0,13.0,23.0,27.7,10.96,0.496,4.04,2.57,2.57,0.65,1.74,5.13,0.78,2.26,4.22,10.26,26.0,1.13,67.0,2.91,637.0,252.0,93.0,59.0,59.0,15.0,52.0,97.0,236.0,40.0,118.0,18.0,21.0,0.91,14.0,Wyndham,dyani ananiev,https://portlandpilots.com/images/2025/10/15/Ananiev_Dyani26web.JPG?width=80&quality=90
3,Florence Dallow,Portland Pilots,G,6-2,R-So.,"Auckland, New Zealand",UserTeam3,550.0,23.91,17.0,26.0,23.0,23.91,10.22,0.506,4.43,2.0,1.13,0.3,0.74,2.43,2.52,2.17,3.48,7.61,34.0,1.48,68.0,2.96,550.0,235.0,102.0,46.0,26.0,7.0,50.0,80.0,175.0,17.0,56.0,58.0,69.0,3.0,14.0,Epsom Girls Grammar School,florence dallow,https://portlandpilots.com/images/2025/10/15/Dallow_Florence26web.JPG?width=80&quality=90
5,Aubrey Herrin,Portland Pilots,G,6-1,Fr.,"Kennewick, WA",UserTeam6,83.0,27.67,73.5,121.5,3.0,18.0,6.0,0.75,4.67,2.0,1.33,1.33,0.33,0.33,1.0,1.33,2.33,3.33,3.0,1.0,11.0,3.67,54.0,18.0,14.0,6.0,4.0,4.0,4.0,7.0,10.0,1.0,1.0,3.0,3.0,1.0,2.0,Kamiakin HS,aubrey herrin,https://portlandpilots.com/images/2025/10/15/Herrin_Aubrey26web.JPG?width=80&quality=90
7,Tiffany Barbosa,Portland Pilots,G,5-10,So.,"Stockholm, Sweden",UserTeam1,307.0,12.79,45.0,69.0,24.0,17.75,4.42,0.506,2.29,1.04,1.25,0.17,0.5,1.79,0.67,1.33,1.62,3.71,19.0,0.79,36.0,1.5,426.0,106.0,55.0,25.0,30.0,4.0,32.0,39.0,89.0,12.0,43.0,16.0,25.0,1.04,14.0,RIG Lulea,tiffany barbosa,https://portlandpilots.com/images/2025/10/15/Barbosa_Tiffany26web.jpg?width=80&quality=90
9,Jada Kennedy,Portland Pilots,C,6-5,Fr.,"Melbourne, Australia",FreeAgent,381.0,15.88,1.0,56.0,24.0,12.54,4.42,0.648,3.21,0.79,0.33,1.0,0.0,0.08,0.58,0.79,1.92,2.96,32.0,1.33,45.0,1.88,301.0,106.0,77.0,19.0,8.0,24.0,19.0,46.0,71.0,0.0,2.0,14.0,23.0,0.96,14.0,Siena College,jada kennedy,https://portlandpilots.com/images/2025/10/15/Kennedy_Jada26web.JPG?width=80&quality=90
10,Natalie Fraley,Portland Pilots,G,6-0,Sr.,"Kelso, WA",FreeAgent,191.0,12.73,57.5,91.5,15.0,17.4,4.47,0.417,1.93,1.73,0.8,0.2,0.47,1.73,0.8,1.13,1.6,4.4,7.0,0.47,22.0,1.47,261.0,67.0,29.0,26.0,12.0,3.0,17.0,24.0,66.0,7.0,26.0,12.0,18.0,1.2,8.0,Utah State / Kelso HS,natalie fraley,https://portlandpilots.com/images/2025/10/15/Fraley_Natalie26web.JPG?width=80&quality=90
12,Brynn Smith,Portland Pilots,G,6-0,Fr.,"Eugene, OR",FreeAgent,191.0,7.96,57.5,91.5,24.0,11.25,4.04,0.455,0.96,1.33,0.62,0.12,0.67,2.04,0.29,1.79,1.54,4.12,4.0,0.17,19.0,0.79,270.0,97.0,23.0,32.0,15.0,3.0,43.0,37.0,99.0,16.0,49.0,7.0,9.0,0.38,14.0,Willamette HS,brynn smith,https://portlandpilots.com/images/2025/10/15/Smith_Brynn26web.JPG?width=80&quality=90
14,Caitlin Monahan,Portland Pilots,G,5-10,R-Fr.,"Mercer Island, WA",FreeAgent,100.0,7.14,71.0,116.0,14.0,6.57,1.71,0.553,1.43,0.5,0.43,0.07,0.21,0.57,0.21,0.21,0.64,1.36,8.0,0.57,12.0,0.86,92.0,24.0,20.0,7.0,6.0,1.0,3.0,9.0,19.0,3.0,8.0,3.0,3.0,0.21,8.0,Mercer Island HS,caitlin monahan,https://portlandpilots.com/images/2025/10/15/Monahan_Caitlyn26web.JPG?width=80&quality=90
17,Nicole Anderson,Portland Pilots,G,5-8,Gr.,"Eastvale, CA",FreeAgent,318.0,13.25,43.0,65.0,24.0,20.83,7.92,0.512,2.04,1.25,0.67,0.12,1.92,5.38,0.67,1.75,2.67,7.08,7.0,0.29,42.0,1.75,500.0,190.0,49.0,30.0,16.0,3.0,42.0,64.0,170.0,46.0,129.0,16.0,20.0,0.83,14.0,LMU / SMU / Rosary Academy,nicole anderson,https://portlandpilots.com/images/2025/10/15/Rodriguez_Nicole26web.JPG?width=80&quality=90
20,Lainey Spear,Portland Pilots,F,6-2,Jr.,"Portland, OR",UserTeam2,480.0,24.0,12.0,38.0,20.0,23.2,8.15,0.492,4.1,2.0,2.15,0.1,0.05,0.6,1.6,1.9,3.25,6.65,29.0,1.45,53.0,2.65,464.0,163.0,82.0,40.0,43.0,2.0,38.0,65.0,133.0,1.0,12.0,32.0,61.0,3.05,12.0,Beaverton HS,lainey spear,https://portlandpilots.com/images/2025/10/15/Spear_Lainey26web.JPG?width=80&quality=90
22,Rhyan Mogel,Portland Pilots,G,5-10,Jr.,"Happy Valley, OR",UserTeam4,656.0,28.52,11.0,17.5,23.0,27.83,8.61,0.473,2.39,4.87,1.52,0.3,0.83,1.83,1.7,2.65,3.04,7.3,5.0,0.22,50.0,2.17,640.0,198.0,55.0,112.0,35.0,7.0,61.0,70.0,168.0,19.0,42.0,39.0,48.0,2.09,14.0,Clackamas HS,rhyan mogel,https://portlandpilots.com/images/2025/10/15/Mogel_Rhyan26web.JPG?width=80&quality=90
35,Camille Dake,Portland Pilots,G,6-0,Fr.,"Vista, CA",FreeAgent,0.0,0.0,95.0,155.0,0.0,0.0,0.0,,0.0,0.0,0.0,0.0,0.0,0.0,0.0,0.0,0.0,0.0,0.0,0.0,0.0,0.0,0.0,0.0,0.0,0.0,0.0,0.0,0.0,0.0,0.0,0.0,0.0,0.0,0.0,0.0,0.0,Rancho Buena Vista HS,camille dake,https://portlandpilots.com/images/2025/10/15/Dake_Camille26web.jpg?width=80&quality=90
42,Ella Zimmerman,Portland Pilots,F/C,6-4,So.,"Redondo Beach, CA",FreeAgent,208.0,9.04,1.0,88.0,23.0,9.61,3.65,0.44,1.61,0.26,0.17,0.52,0.0,0.09,0.78,0.43,1.43,3.26,14.0,0.61,23.0,1.0,221.0,84.0,37.0,6.0,4.0,12.0,10.0,33.0,75.0,0.0,2.0,18.0,22.0,0.96,13.0,Redondo Union HS,ella zimmerman,https://portlandpilots.com/images/2025/10/15/Zimmerman_Ella26web.JPG?width=80&quality=90
44,Julia Dalan,Portland Pilots,C/F,6-3,Fr.,"Centralia, WA",UserTeam6,505.0,26.58,1.0,35.0,19.0,20.21,7.37,0.414,5.37,0.58,0.47,3.42,0.0,0.21,1.05,1.53,3.16,7.63,33.0,1.74,69.0,3.63,384.0,140.0,102.0,11.0,9.0,65.0,29.0,60.0,145.0,0.0,4.0,20.0,28.0,1.47,11.0,W.F. West HS,julia dalan,https://portlandpilots.com/images/2025/10/15/Dalan_Julia26web.JPG?width=80&quality=90
0,Ysabella Von Seipler,San Diego Toreros,G,5-10,Fr.,"Rocklin, CA",UserTeam1,120.0,8.57,66.0,109.0,14.0,9.5,3.0,0.625,1.79,0.5,0.36,0.07,0.57,1.07,0.14,0.36,1.14,2.29,9.0,0.64,16.0,1.14,133.0,42.0,25.0,7.0,5.0,1.0,5.0,16.0,32.0,8.0,15.0,2.0,6.0,0.43,4.0,,ysabella von seipler,https://usdtoreros.com/images/2025/10/15/Ysabella_Von_Seipler_Head_Shot.png?width=300
1,Dresha Moore,San Diego Toreros,F,6-0,So.,"Hawthorne, CA",FreeAgent,129.0,5.61,30.0,105.0,23.0,14.22,2.78,0.313,3.39,0.43,0.3,0.35,0.09,0.57,0.52,1.52,1.09,3.61,24.0,1.04,54.0,2.35,327.0,64.0,78.0,10.0,7.0,8.0,35.0,25.0,83.0,2.0,13.0,12.0,16.0,0.7,7.0,,dresha moore,https://usdtoreros.com/images/2025/10/15/Dresha_Moore_Headshot.png?width=80&quality=90
2,Ryanne Bahnsen-Price,San Diego Toreros,F,6-0,Fr.,"Erie, CO",FreeAgent,0.0,0.0,49.5,155.0,0.0,0.0,0.0,,0.0,0.0,0.0,0.0,0.0,0.0,0.0,0.0,0.0,0.0,0.0,0.0,0.0,0.0,0.0,0.0,0.0,0.0,0.0,0.0,0.0,0.0,0.0,0.0,0.0,0.0,0.0,0.0,0.0,,ryanne bahnsen-price,https://usdtoreros.com/images/2025/10/15/Ryanne_Bahnsen-Price_Head_Shot.png?width=300
3,Lilly Amor,San Diego Toreros,G,5-11,So.,"Melbourne, Victoria, Australia",FreeAgent,169.0,6.5,61.0,96.0,26.0,21.85,2.73,0.399,0.77,1.04,0.73,0.12,0.73,2.73,0.0,0.77,1.0,3.42,1.0,0.04,19.0,0.73,568.0,71.0,20.0,27.0,19.0,3.0,20.0,26.0,89.0,19.0,71.0,0.0,2.0,0.08,9.0,,lilly amor,https://usdtoreros.com/images/2025/10/15/Ysabella_Von_Seipler_Head_Shot.png?width=80&quality=90
4,Jessica Ajayi,San Diego Toreros,G,5-10,Fr.,"Kent, WA",FreeAgent,46.0,2.88,80.0,129.0,16.0,10.81,1.81,0.25,1.44,0.62,0.44,0.19,0.38,2.19,0.06,0.75,0.69,3.5,6.0,0.38,17.0,1.06,173.0,29.0,23.0,10.0,7.0,3.0,12.0,11.0,56.0,6.0,35.0,1.0,2.0,0.12,5.0,,jessica ajayi,https://usdtoreros.com/images/2025/10/15/Jessica_Ajayi_Head_Shot.png?width=80&quality=90
5,Lauren McCall,San Diego Toreros,G,5-6,Jr.,"Boise, ID",FreeAgent,0.0,0.0,95.0,155.0,0.0,0.0,0.0,,0.0,0.0,0.0,0.0,0.0,0.0,0.0,0.0,0.0,0.0,0.0,0.0,0.0,0.0,0.0,0.0,0.0,0.0,0.0,0.0,0.0,0.0,0.0,0.0,0.0,0.0,0.0,0.0,0.0,,lauren mccall,https://usdtoreros.com/images/2025/10/15/Lauren_McCall_Head_Shot.png?width=80&quality=90
6,Kylie Ray,San Diego Toreros,G,5-8,So.,"La Crescenta, CA",UserTeam6,519.0,25.95,21.0,33.0,20.0,30.55,16.35,0.419,5.55,2.75,1.45,0.2,1.5,4.15,3.15,5.15,5.85,15.75,17.0,0.85,94.0,4.7,611.0,327.0,111.0,55.0,29.0,4.0,103.0,117.0,315.0,30.0,83.0,63.0,69.0,3.45,7.0,Utah,kylie ray,https://usdtoreros.com/images/2025/10/15/Kylie_Ray_Head_Shot.png?width=80&quality=90
10,Helen Holley,San Diego Toreros,F,6-1,So.,"Cleveland, OH",FreeAgent,262.0,10.48,23.0,80.0,25.0,19.44,2.88,0.355,4.56,0.56,0.8,0.56,0.12,0.72,0.52,1.24,1.12,3.32,54.0,2.16,60.0,2.4,486.0,72.0,114.0,14.0,20.0,14.0,31.0,28.0,83.0,3.0,18.0,13.0,28.0,1.12,9.0,Michigan State,helen holley,https://usdtoreros.com/images/2025/10/15/Helen_Holley_Head_Shot.png?width=80&quality=90
11,Malia Tharpe,San Diego Toreros,F,6-0,Jr.,"Cottesloe, Western Australia, Australia",FreeAgent,92.0,5.11,37.0,119.0,18.0,13.89,2.44,0.295,2.0,0.33,0.56,0.06,0.06,0.72,0.28,0.61,1.06,3.67,15.0,0.83,21.0,1.17,250.0,44.0,36.0,6.0,10.0,1.0,11.0,19.0,66.0,1.0,13.0,5.0,11.0,0.61,7.0,,malia tharpe,https://usdtoreros.com/images/2025/10/15/Malia_Tharpe_Head_Shot.png?width=80&quality=90
12,Erica Carr,San Diego Toreros,C,6-3,So.,"Grand Prairie, TX",FreeAgent,22.0,11.0,6.0,142.0,2.0,12.5,4.0,0.6,2.0,1.0,0.0,0.5,0.0,0.5,1.0,1.0,1.5,2.5,2.0,1.0,2.0,1.0,25.0,8.0,4.0,2.0,0.0,1.0,2.0,3.0,5.0,0.0,1.0,2.0,2.0,1.0,1.0,,erica carr,https://usdtoreros.com/images/2025/10/15/Erica_Carr_Headshot.png?width=80&quality=90
15,Eva Ruse,San Diego Toreros,F,6-2,So.,"North Vancouver, British Columbia, Canada",FreeAgent,408.0,15.69,16.0,47.0,26.0,18.85,5.85,0.458,5.81,0.5,0.65,0.65,0.04,0.27,1.65,1.38,2.08,4.58,71.0,2.73,80.0,3.08,490.0,152.0,151.0,13.0,17.0,17.0,36.0,54.0,119.0,1.0,7.0,43.0,73.0,2.81,9.0,,eva ruse,https://usdtoreros.com/images/2025/10/15/Eva_Ruse_Headshot.png?width=80&quality=90
19,Jayden Rhodes,San Diego Toreros,G,5-11,Sr.,"Keller, TX",FreeAgent,176.0,7.33,59.0,93.0,24.0,14.54,3.25,0.515,1.88,0.42,0.54,0.12,0.54,1.54,0.38,0.83,1.17,2.79,13.0,0.54,32.0,1.33,349.0,78.0,45.0,10.0,13.0,3.0,20.0,28.0,67.0,13.0,37.0,9.0,16.0,0.67,9.0,Morehead State,jayden rhodes,https://usdtoreros.com/images/2025/10/15/Jayden_Rhodes_Head_Shot.png?width=80&quality=90
20,Hallie Rhodes,San Diego Toreros,G,5-11,Sr.,"Keller, TX",UserTeam6,504.0,21.91,23.0,36.0,23.0,30.09,10.65,0.42,3.09,1.91,1.13,0.61,0.52,2.0,1.26,2.13,4.43,11.17,20.0,0.87,51.0,2.22,692.0,245.0,71.0,44.0,26.0,14.0,49.0,102.0,257.0,12.0,46.0,29.0,44.0,1.91,8.0,Morehead State,hallie rhodes,https://usdtoreros.com/images/2025/10/15/Hallie_Rhodes_Head_Shot.png?width=80&quality=90
22,Ayla Williams,San Diego Toreros,C,6-0,Fr.,"Las Vegas, NV",RR,308.0,11.85,3.0,68.0,26.0,13.23,3.27,0.339,5.12,0.5,0.5,0.77,0.0,0.0,1.81,1.04,0.73,2.15,53.0,2.04,80.0,3.08,344.0,85.0,133.0,13.0,13.0,20.0,27.0,19.0,56.0,0.0,0.0,47.0,75.0,2.88,9.0,,ayla williams,https://usdtoreros.com/images/2025/10/15/Ayla_Williams_Headshot.png?width=80&quality=90
24,Olivia Owens,San Diego Toreros,G,5-10,Fr.,"Columbus, OH",UserTeam4,522.0,20.88,20.0,30.5,25.0,30.08,11.04,0.394,5.44,2.44,1.6,0.12,1.24,4.44,1.8,3.4,4.0,11.72,30.0,1.2,106.0,4.24,752.0,276.0,136.0,61.0,40.0,3.0,85.0,100.0,293.0,31.0,111.0,45.0,61.0,2.44,9.0,,olivia owens,https://usdtoreros.com/images/2025/10/15/Olivia_Owens_Head_Shot.png?width=80&quality=90
